symbol,price,day_change_pct,avg_entry_return,median_entry_return,best_entry_return,worst_entry_return,pct_profitable_entries,entry_days,roll3m_avg,roll3m_median,roll3m_best,roll3m_worst,roll3m_pos_pct,roll3m_windows,high_52w,low_52w,as_of
ORBTEXP,227.15,0.11,13.37,2.98,68.17,-17.14,56.8,125,36.25,40.04,73.55,-8.35,95.2,83.0,278.04,134.72,2026-09-29
SONATSOFTW,274.05,-2.09,-0.76,-0.15,33.04,-21.47,48.8,127,14.56,13.76,36.18,-8.04,91.7,84.0,358.12,203.58,2026-09-29
NIITLTD,86.92,-1.79,4.69,-6.02,74.42,-18.13,36.2,127,38.26,40.04,99.72,-16.63,86.9,84.0,109.9,48.47,2026-09-29
RPTECH,883.95,-1.01,41.22,17.64,162.2,-1.87,95.3,127,66.69,61.07,128.99,6.56,100.0,84.0,965.48,332.54,2026-09-29
TARSONS,338.0,1.58,31.95,26.44,103.05,-6.5,92.1,127,42.85,46.3,76.4,3.47,100.0,84.0,375.0,164.45,2026-09-29
XPROINDIA,1142.2,-4.59,-4.05,-2.3,12.96,-23.93,42.5,127,19.3,27.05,63.03,-16.16,78.6,84.0,1572.64,984.65,2026-09-29
CEWATER,258.25,-2.34,-11.37,-9.29,4.51,-33.11,8.7,126,0.33,-2.85,39.82,-28.93,41.7,84.0,394.45,243.05,2026-09-29
MSTCLTD,710.4,-4.1,29.48,19.4,96.44,-8.52,81.9,127,44.72,40.37,93.9,-1.07,98.8,84.0,795.73,357.98,2026-09-29
LLOYDSENGG,95.97,-2.63,30.71,15.96,155.06,-2.63,98.4,127,51.7,53.72,136.36,-8.5,92.9,84.0,99.65,37.3,2026-09-29
FACT,767.5,-1.34,-9.48,-10.51,2.47,-23.08,3.9,127,-1.47,-6.84,30.85,-24.38,32.1,84.0,1058.6,738.0,2026-09-29
GRANDOAK,34.1,-1.93,-4.29,-3.01,3.11,-13.78,17.2,29,,,,,,,40.99,32.57,2026-09-29
FINKURVE,69.32,0.01,4.33,3.39,35.74,-13.18,65.1,126,5.75,6.2,29.3,-19.37,69.0,84.0,83.1,48.02,2026-09-29
ORCHPHARMA,1023.4,-3.9,24.66,6.82,112.13,-7.57,83.5,127,53.59,56.93,101.64,-7.65,96.4,84.0,1143.5,480.0,2026-09-29
MCLOUD,23.95,-2.0,-10.75,-10.83,21.02,-24.95,5.5,127,11.77,8.57,54.12,-20.11,84.5,84.0,34.55,19.4,2026-09-29
FABTECH,144.26,-1.08,-5.12,-4.25,4.09,-16.11,4.0,126,-0.59,-2.79,17.27,-13.66,41.7,84.0,182.05,136.05,2026-09-29
KRONOX,216.9,5.0,45.99,44.42,124.2,1.09,100.0,126,25.77,20.92,57.2,5.82,100.0,83.0,222.78,95.73,2026-09-29
QUADFUTURE,531.5,-2.92,46.88,48.51,98.21,-2.92,98.4,127,29.68,26.39,66.19,4.12,100.0,84.0,564.9,262.25,2026-09-29
TCPLPACK,3987.8,-2.9,33.23,35.49,76.32,-9.26,89.7,126,31.11,27.64,68.97,-2.56,97.6,83.0,4410.9,2233.99,2026-09-29
EMBDL,56.03,-3.51,-3.97,-8.46,41.99,-23.6,23.6,127,13.48,5.09,57.43,-17.13,66.7,84.0,75.97,39.46,2026-09-29
SIMPLEXINF,241.1,-3.83,1.12,-3.8,71.85,-14.5,40.5,126,23.08,15.82,89.38,-12.61,77.4,84.0,292.0,137.0,2026-09-29
PREMEXPLN,677.05,-0.49,9.08,2.04,77.6,-16.2,73.2,127,28.93,23.86,111.93,-16.2,73.8,84.0,829.18,378.12,2026-09-29
MMTC,56.4,-3.34,-11.9,-12.09,8.25,-25.82,3.1,127,3.69,-2.02,42.48,-21.35,44.0,84.0,78.35,50.1,2026-09-29
RGL,163.23,-2.53,40.51,42.05,69.78,-4.25,97.6,127,21.34,17.2,53.1,-6.87,91.7,84.0,173.8,92.8,2026-09-29
WABAG,1977.2,-1.55,14.09,1.39,71.25,-13.2,52.8,127,38.94,37.78,76.69,-4.62,94.0,84.0,2319.0,1149.2,2026-09-29
ZUARI,217.12,-1.8,-4.06,-4.29,19.84,-14.23,15.7,127,3.84,3.12,29.89,-12.82,66.7,84.0,257.0,175.1,2026-09-29
RIIL,685.6,-1.29,-9.73,-9.29,10.3,-21.89,4.0,126,3.84,-0.56,36.01,-20.97,48.2,83.0,908.0,614.55,2026-09-29
SHK,137.78,-3.22,-1.96,-2.04,22.65,-20.67,42.5,127,7.79,9.42,35.19,-12.86,69.0,84.0,177.06,111.98,2026-09-29
CMPDI,204.58,-2.67,-7.47,-12.42,36.2,-25.66,21.3,127,18.93,5.35,77.9,-20.52,68.2,66.0,281.32,148.9,2026-09-29
PGEL,507.0,-2.22,-5.9,-7.86,15.11,-19.57,26.8,127,10.91,13.14,33.89,-20.49,77.4,84.0,643.65,436.34,2026-09-29
ASHIANA,388.8,-0.23,7.86,6.46,39.52,-3.77,94.5,127,10.56,12.14,41.56,-12.13,79.8,84.0,434.29,275.68,2026-09-29
VARROC,848.35,1.62,32.93,33.9,81.87,-4.08,92.1,126,33.84,33.57,57.83,13.35,100.0,84.0,912.2,461.06,2026-09-29
HCC,20.55,-3.34,-5.66,-7.31,49.67,-26.16,20.5,127,19.6,4.88,95.57,-21.67,60.7,84.0,28.5,13.65,2026-09-29
ADFFOODS,266.6,-1.48,0.74,-1.15,59.82,-16.61,36.2,127,26.56,4.85,93.49,-14.61,65.5,84.0,346.19,153.48,2026-09-29
ESAFSFB,43.0,0.33,34.53,27.94,116.52,-3.82,94.5,127,41.14,48.13,68.68,7.03,100.0,84.0,45.0,19.78,2026-09-29
AGI,804.8,0.18,23.5,16.91,73.36,-4.84,96.9,127,24.33,22.53,54.72,-0.43,98.8,84.0,851.0,460.73,2026-09-29
ABREL,1191.5,-3.2,-11.02,-13.26,6.28,-24.99,4.7,127,5.44,6.24,24.42,-12.44,71.4,84.0,1595.22,1086.21,2026-09-29
MARINE,428.2,3.49,60.2,66.03,182.47,-0.94,96.9,127,47.7,51.08,86.91,4.81,100.0,84.0,449.67,150.75,2026-09-29
AYE,162.49,-2.85,7.13,-2.15,80.4,-14.09,42.5,127,34.63,27.28,100.83,-7.99,97.6,84.0,197.29,88.22,2026-09-29
JAINREC,281.75,-1.78,-19.84,-19.08,3.3,-50.7,7.9,127,-23.16,-21.96,-4.52,-48.18,0.0,84.0,593.95,271.0,2026-09-29
IVALUE,219.21,-2.67,-14.47,-14.62,1.28,-30.0,1.6,126,8.48,8.72,30.89,-20.46,78.6,84.0,321.45,200.88,2026-09-29
GODAVARIB,229.45,-2.99,-16.3,-17.04,1.24,-31.49,0.8,126,-13.43,-14.76,-0.93,-24.78,0.0,84.0,353.0,224.0,2026-09-29
NETWEB,4566.5,0.47,4.71,3.21,47.46,-18.47,56.7,127,24.09,22.87,65.54,-9.81,89.3,84.0,5813.0,3041.4,2026-09-29
NILE,1279.4,-6.59,-12.82,-13.0,-6.59,-17.16,0.0,29,,,,,,,1560.1,1256.3,2026-09-29
CAPACITE,184.41,-3.52,-17.77,-17.69,-1.32,-30.98,0.0,127,-3.76,-6.86,26.62,-28.1,29.8,84.0,287.0,184.0,2026-09-29
MUTHOOTMF,178.84,-1.5,-9.85,-10.92,22.75,-30.09,13.5,126,20.2,17.69,47.14,-13.88,88.1,84.0,262.77,144.38,2026-09-29
KALPATARU,275.8,-2.15,-7.68,-7.53,7.97,-28.39,19.0,126,-7.6,-12.2,17.54,-25.46,29.8,84.0,409.8,250.0,2026-09-29
HUBTOWN,167.87,-2.21,-14.52,-15.87,-2.21,-25.92,0.0,127,-4.67,-6.01,20.69,-22.69,26.2,84.0,228.99,167.55,2026-09-29
MENONBE,290.85,-2.48,68.23,72.84,185.94,-9.51,84.9,126,67.45,70.31,133.83,18.06,100.0,84.0,330.0,100.88,2026-09-29
RML,1325.9,0.27,34.2,22.97,116.94,-5.89,92.1,127,40.38,35.02,86.43,7.17,100.0,84.0,1440.0,599.85,2026-09-29
JAICORPLTD,92.18,-2.38,-13.63,-14.71,4.41,-23.82,2.4,127,-3.06,-10.77,28.71,-23.4,35.7,84.0,124.69,87.53,2026-09-29
JAYBARMARU,122.52,0.8,1.47,-1.45,62.83,-38.16,47.6,126,48.04,52.28,126.54,-34.09,76.2,84.0,205.89,73.75,2026-09-29
GRMOVER,80.01,-0.77,-25.6,-14.14,0.18,-53.14,0.8,127,-35.27,-42.27,-0.14,-48.05,0.0,84.0,180.78,78.74,2026-09-29
BRIGADE,583.9,-2.34,4.58,3.84,21.47,-18.03,63.8,127,10.41,8.1,46.76,-10.52,66.7,84.0,735.0,475.8,2026-09-29
EDELWEISS,135.45,-1.01,14.26,15.01,37.41,-4.63,94.5,127,9.13,9.55,29.66,-7.99,84.5,84.0,146.0,97.93,2026-09-29
PANSARI,289.0,-0.33,-3.64,-2.6,14.32,-20.89,38.1,126,10.54,9.06,33.11,-8.02,82.1,84.0,388.9,238.35,2026-09-29
GKENERGY,121.87,-1.46,-5.3,-5.86,35.71,-19.47,13.5,126,13.79,7.03,57.0,-20.49,69.0,84.0,154.27,86.85,2026-09-29
PARADEEP,155.7,0.14,14.96,15.39,46.62,-5.21,89.0,127,18.42,18.96,31.69,-0.93,97.6,84.0,166.5,104.98,2026-09-29
INNOVANA,289.65,-3.77,-13.28,-11.71,-1.91,-28.54,0.0,126,-10.9,-11.56,4.27,-21.31,4.8,84.0,436.85,283.1,2026-09-29
GNFC,620.65,-1.53,24.05,24.69,75.63,-1.53,97.6,127,17.55,15.08,51.65,0.08,100.0,84.0,636.0,351.99,2026-09-29
DENTA,267.7,-3.25,-6.47,-5.13,20.2,-25.84,24.4,127,14.9,13.15,49.34,-19.52,88.1,84.0,368.63,220.98,2026-09-29
ATLANTAELE,1613.3,-0.77,-3.34,-5.16,34.16,-25.02,23.8,126,21.9,3.62,136.51,-15.39,53.6,84.0,2152.6,1185.5,2026-09-29
IZMO,873.55,-3.36,2.11,-3.96,41.83,-22.28,42.1,126,29.78,40.12,65.55,-17.26,79.8,84.0,1175.4,615.9,2026-09-29
GVPIL,651.4,-2.73,-4.86,-7.61,71.19,-37.68,29.9,127,41.75,22.15,153.65,-41.06,66.7,84.0,1073.74,380.51,2026-09-29
IDEAFORGE,716.4,-1.84,-1.48,-11.8,92.71,-25.75,18.9,127,46.95,40.33,124.11,-24.41,66.7,84.0,992.25,366.0,2026-09-29
SEJALLTD,664.6,-2.65,-5.02,-7.82,65.71,-24.87,18.1,127,13.08,-4.47,87.07,-15.85,45.2,84.0,887.4,381.0,2026-09-29
DEEDEV,655.5,-1.61,18.8,2.05,144.22,-11.12,61.4,127,63.84,53.86,171.08,-16.1,83.3,84.0,758.75,265.56,2026-09-29
BHAGYANGR,411.35,-3.34,30.98,10.15,198.71,-7.91,88.2,127,71.85,42.37,213.59,-0.1,98.8,84.0,467.9,136.4,2026-09-29
CHEMBONDCH,242.4,-4.92,19.22,8.2,129.32,-14.76,64.8,125,49.35,47.8,104.94,11.2,100.0,83.0,290.0,104.32,2026-09-29
RAJESHEXPO,65.15,-3.4,-29.39,-28.89,-3.4,-49.37,0.0,127,-18.42,-25.39,26.68,-37.39,16.7,84.0,132.95,65.0,2026-09-29
SICALLOG,89.14,-2.98,7.72,-2.74,41.49,-24.07,43.2,125,41.1,47.54,82.44,-9.14,89.2,83.0,122.5,60.11,2026-09-29
VIDYAWIRES,91.07,0.59,4.38,1.04,81.6,-20.11,54.3,127,27.89,4.74,114.24,-23.24,61.9,84.0,117.35,50.0,2026-09-29
SUBEXLTD,20.33,-5.04,69.13,73.91,204.34,-7.93,95.3,127,50.37,48.06,97.91,15.07,100.0,84.0,22.8,6.61,2026-09-29
GAYAPROJ,21.96,-4.15,8.78,6.14,52.5,-16.02,74.8,127,27.31,18.27,89.5,-4.49,97.6,84.0,27.33,13.3,2026-09-29
NCLIND,175.81,-1.92,-0.52,-0.16,20.0,-9.2,47.6,126,3.31,2.09,31.07,-10.74,67.5,83.0,197.75,145.84,2026-09-29
VASCONEQ,34.96,0.58,4.41,5.11,29.19,-16.74,74.8,127,-5.95,-8.37,25.87,-24.08,23.8,84.0,43.5,26.75,2026-09-29
SUNTECK,276.75,-2.21,-9.46,-8.76,1.84,-22.25,3.9,127,-3.4,-2.83,15.56,-25.74,42.9,84.0,380.36,269.31,2026-09-29
ZUARIIND,276.85,-4.6,6.34,5.89,30.27,-4.6,90.6,127,5.65,5.36,26.37,-6.62,73.8,84.0,295.91,209.23,2026-09-29
SOTL,699.3,-1.95,37.39,21.97,144.5,-9.92,87.4,127,58.76,63.68,86.11,14.46,100.0,84.0,850.1,283.72,2026-09-29
PDSL,349.5,-2.28,6.9,1.1,34.2,-8.57,54.4,125,20.24,22.98,39.65,-0.23,98.8,83.0,416.56,248.84,2026-09-29
MTARTECH,7072.5,2.5,10.64,1.63,103.95,-15.55,60.6,127,36.68,7.57,145.97,-18.36,63.1,84.0,8714.0,3356.0,2026-09-29
PRECWIRE,480.65,-4.37,18.94,17.17,64.81,-5.26,92.9,127,14.97,16.22,45.67,-16.05,78.6,84.0,524.9,289.75,2026-09-29
DECNGOLD,205.1,-3.71,-8.88,-8.12,-3.71,-17.17,0.0,29,,,,,,,250.8,204.2,2026-09-29
KPIL,1375.6,-1.12,5.56,5.88,31.11,-4.84,70.9,127,12.49,10.47,41.41,-1.96,98.8,84.0,1468.0,1031.83,2026-09-29
SAPPHIRE,216.68,-3.1,12.81,17.44,44.05,-13.26,71.7,127,16.83,19.53,37.11,-9.97,90.5,84.0,258.78,139.91,2026-09-29
HFCL,205.92,-2.53,27.6,1.77,203.73,-18.04,53.5,127,96.3,66.81,215.02,-2.28,96.4,84.0,256.46,67.09,2026-09-29
MOL,56.96,-2.67,7.48,8.7,55.04,-15.64,69.3,127,13.86,14.55,39.17,-12.72,82.1,84.0,68.8,36.5,2026-09-29
FRACTAL,742.1,-1.08,-14.73,-13.85,0.47,-32.63,0.8,127,-4.66,-11.64,35.15,-26.69,38.1,84.0,1118.0,735.0,2026-09-29
MAXESTATES,571.85,-3.83,31.25,32.59,85.21,-7.29,93.6,125,17.8,20.37,38.95,-4.42,86.7,83.0,652.8,305.45,2026-09-29
KKCL,462.15,-1.22,-4.1,-6.39,11.4,-15.43,24.6,126,8.39,9.66,20.95,-9.88,79.8,84.0,568.05,413.2,2026-09-29
BHARATWIRE,166.35,0.84,-16.37,-17.96,5.59,-34.2,5.5,127,1.05,-12.69,39.72,-23.98,38.1,84.0,262.0,148.01,2026-09-29
SADHNANIQ,2.68,-4.96,5.88,-0.19,95.62,-19.28,48.4,126,36.13,23.79,132.33,-9.24,91.6,83.0,3.32,1.32,2026-09-29
GHCLTEXTIL,134.83,-3.08,31.93,35.46,107.03,-4.0,95.3,127,35.09,33.76,52.98,23.61,100.0,84.0,144.59,64.85,2026-09-29
NACLIND,136.53,-2.25,-20.53,-19.03,8.95,-43.82,1.6,127,18.31,17.0,76.16,-33.33,79.8,84.0,245.0,125.1,2026-09-29
COFORGE,1773.0,-0.62,18.72,19.98,59.43,-11.99,71.7,127,29.6,29.69,53.88,13.81,100.0,84.0,2021.2,1108.42,2026-09-29
NUCLEUS,661.5,-2.66,-11.16,-11.27,-2.02,-22.28,0.0,126,-5.21,-5.68,5.04,-13.7,16.9,83.0,882.18,658.8,2026-09-29
POKARNA,718.15,-1.48,-18.98,-19.27,-1.48,-36.54,0.0,127,3.27,5.59,27.94,-34.52,69.0,84.0,1142.59,714.1,2026-09-29
MUKKA,26.91,-1.79,11.17,12.41,45.54,-16.35,84.9,126,10.89,11.02,48.57,-7.37,72.6,84.0,33.29,18.27,2026-09-29
AJMERA,119.62,-0.99,-1.47,-0.99,20.7,-14.38,40.2,127,3.28,0.16,37.92,-18.08,51.2,84.0,144.72,97.17,2026-09-29
FCL,57.4,-5.09,62.58,46.02,198.65,-5.09,95.3,127,60.5,61.94,118.21,12.98,100.0,84.0,62.4,19.08,2026-09-29
RANEHOLDIN,1584.4,0.24,11.55,0.21,63.9,-13.17,51.2,127,37.27,40.85,76.26,-4.81,94.0,84.0,1846.13,955.96,2026-09-29
TBZ,630.75,-3.79,214.99,231.29,469.53,-8.91,96.1,127,101.7,82.66,267.96,20.97,100.0,84.0,698.6,109.75,2026-09-29
ADVAIT,1867.4,-2.03,-10.72,-10.84,10.6,-23.72,7.1,127,13.88,11.97,57.69,-18.16,76.2,84.0,2482.58,1675.77,2026-09-29
NAVKARCORP,86.86,-1.53,-12.07,-12.24,16.39,-25.28,4.7,127,6.33,2.36,43.94,-22.33,66.7,84.0,120.95,74.05,2026-09-29
SUZLON,39.66,-2.79,-21.15,-24.56,0.25,-33.13,0.8,127,3.17,-10.26,48.89,-30.68,40.5,84.0,60.45,39.1,2026-09-29
NEPHROPLUS,674.0,-3.25,4.59,0.06,32.98,-11.94,50.0,126,18.19,16.41,44.6,-1.1,96.4,84.0,781.5,501.85,2026-09-29
RAMCOSYS,563.8,-2.83,6.11,0.14,63.87,-36.38,50.4,127,47.46,41.07,143.0,-28.92,92.9,84.0,967.5,342.1,2026-09-29
PARACABLES,56.35,-5.78,0.64,-11.02,97.3,-23.98,25.2,127,49.96,59.0,141.67,-16.9,77.4,84.0,75.7,28.3,2026-09-29
THEJO,2146.5,-1.76,16.5,15.41,47.63,-3.25,85.7,126,18.08,18.69,47.68,-9.68,90.5,84.0,2281.2,1440.19,2026-09-29
AVL,595.15,-3.93,3.44,-0.87,29.7,-10.79,46.5,127,18.64,15.62,41.15,-10.79,94.0,84.0,703.5,452.04,2026-09-29
SPARC,202.85,-2.97,6.65,-0.21,76.56,-26.92,49.6,127,40.93,44.94,118.96,-22.54,70.2,84.0,289.0,113.91,2026-09-29
MGL,1048.8,-2.1,-3.53,-3.99,14.89,-14.43,11.9,126,4.61,2.22,37.11,-12.06,65.5,84.0,1232.04,903.66,2026-09-29
MANAKCOAT,125.54,-3.36,10.54,10.05,29.85,-7.14,85.0,127,11.99,13.85,26.83,-16.24,84.5,84.0,138.89,94.16,2026-09-29
HARSHA,465.55,0.76,13.54,13.27,48.68,-0.5,98.4,127,12.5,10.93,33.56,-2.78,94.0,84.0,476.8,312.18,2026-09-29
EUROPRATIK,206.4,-3.17,-22.59,-22.75,-1.78,-36.13,0.0,126,10.85,11.74,40.6,-26.98,79.8,84.0,333.0,204.05,2026-09-29
TITAGARH,818.65,-0.48,0.72,-1.72,42.58,-12.11,33.9,127,15.08,10.08,54.72,-11.65,79.8,84.0,969.84,568.02,2026-09-29
SPIC,62.75,-3.06,-5.48,-5.72,16.62,-12.95,3.9,127,2.26,-0.08,22.0,-9.62,48.8,84.0,74.21,53.5,2026-09-29
RHETAN,15.91,4.88,-38.48,-40.48,4.88,-52.87,0.8,127,-2.76,4.03,27.8,-42.86,54.8,84.0,34.87,14.42,2026-09-29
MADRASFERT,59.18,-1.65,-11.1,-11.78,11.53,-17.91,2.4,125,1.33,-1.58,27.06,-16.16,43.4,83.0,74.68,52.56,2026-09-29
EXICOM,156.07,-3.06,10.0,-1.27,104.66,-15.33,44.9,127,43.55,37.72,124.01,-8.27,94.0,84.0,189.17,75.6,2026-09-29
ARFIN,88.48,-2.03,-0.47,-0.7,20.88,-11.2,43.7,126,1.4,-3.67,30.34,-16.4,40.5,84.0,106.06,71.91,2026-09-29
RAMRAT,568.2,-0.32,33.15,34.29,97.72,-4.0,96.8,126,22.98,26.12,47.53,-4.84,96.4,83.0,602.45,284.7,2026-09-29
ANUHPHR,89.46,-1.06,13.02,14.13,36.06,-7.53,88.9,126,6.07,3.0,29.93,-5.73,63.1,84.0,99.5,65.75,2026-09-29
WELSPLSOL,53.81,-2.16,0.34,0.41,12.2,-9.64,51.7,29,,,,,,,61.99,46.78,2026-09-29
MANBA,137.68,-1.2,12.2,6.22,37.5,-5.58,91.2,125,16.94,18.78,36.66,-1.92,96.4,83.0,153.42,97.63,2026-09-29
GLAXO,2896.4,2.87,16.92,20.14,37.71,-6.76,88.2,127,13.38,9.22,40.55,-13.88,85.7,84.0,3120.7,2088.1,2026-09-29
CCAVENUE,15.41,-3.02,1.3,1.31,16.39,-15.38,58.3,127,10.66,12.12,26.95,-11.96,84.5,84.0,18.75,12.92,2026-09-29
PATELENG,26.9,-2.57,-4.47,-3.79,21.17,-22.99,26.0,127,8.36,5.58,57.34,-22.07,73.8,84.0,35.95,22.0,2026-09-29
NETWORK18,25.98,-2.88,-15.41,-15.51,0.12,-28.55,0.8,127,-7.44,-9.65,16.81,-23.63,22.6,84.0,37.35,25.71,2026-09-29
APTECHT,90.27,-1.04,-5.21,-4.74,33.98,-25.74,17.3,127,8.6,-1.08,62.07,-28.94,45.2,84.0,128.48,66.31,2026-09-29
COROMANDEL,1899.1,-3.3,-3.54,-4.63,8.9,-11.78,20.5,127,2.01,2.15,14.3,-17.22,60.7,84.0,2195.76,1704.84,2026-09-29
SHILPAMED,1025.25,1.16,78.49,73.54,194.04,-4.25,97.6,127,66.54,68.33,95.54,41.16,100.0,84.0,1075.0,337.84,2026-09-29
ZENTEC,1642.8,-2.35,-3.58,-4.63,28.51,-17.69,26.8,127,13.45,14.91,44.51,-15.46,78.6,84.0,2042.63,1264.34,2026-09-29
KIRLOSBROS,1732.3,-2.23,-2.24,-4.28,29.85,-16.13,35.4,127,13.88,11.83,53.34,-13.0,88.1,84.0,2180.91,1329.94,2026-09-29
AHLUCONT,572.4,-2.25,-24.71,-29.37,0.97,-35.79,1.6,127,-4.21,-2.6,32.91,-34.21,46.4,84.0,903.91,558.43,2026-09-29
HCLTECH,1252.6,-0.43,2.14,2.56,22.35,-11.97,57.5,127,0.91,9.34,23.13,-22.18,57.1,84.0,1432.57,1019.59,2026-09-29
EXPLEOSOL,870.35,-1.46,13.94,16.57,53.12,-5.71,78.6,126,12.59,12.72,29.63,-4.9,90.5,84.0,945.9,562.35,2026-09-29
GOLDIAM,312.6,-3.83,-2.46,-4.64,55.15,-18.6,33.1,127,25.99,23.53,68.49,-14.19,85.7,84.0,398.2,198.75,2026-09-29
NIITMTS,205.39,-3.15,-15.01,-11.66,0.39,-39.29,0.8,127,-12.77,-16.62,13.92,-35.19,27.4,84.0,342.23,200.5,2026-09-29
SOLEX,695.45,-1.38,-29.27,-32.39,5.75,-50.16,4.7,127,-18.02,-29.07,33.5,-42.98,28.6,84.0,1462.85,650.69,2026-09-29
ASTEC,711.8,-3.68,5.27,2.46,32.12,-10.77,59.1,127,1.7,-6.15,48.99,-28.62,41.7,84.0,850.0,534.0,2026-09-29
NAZARA,379.65,0.85,25.48,26.07,63.96,0.85,100.0,127,24.04,24.88,38.15,9.68,100.0,84.0,384.5,228.38,2026-09-29
SINDHUTRAD,23.24,-2.15,-4.91,-5.14,11.62,-15.98,12.0,125,3.22,4.11,25.73,-12.43,65.1,83.0,28.64,20.11,2026-09-29
NRL,158.47,-2.0,100.36,88.86,238.97,-4.69,97.6,125,85.5,88.0,126.36,34.67,100.0,83.0,167.26,45.1,2026-09-29
SBICARD,591.0,-3.3,-6.92,-7.24,4.0,-14.99,7.1,127,-2.37,-1.31,17.42,-20.0,45.2,84.0,700.4,565.45,2026-09-29
ITDC,662.5,-2.53,7.86,5.81,79.58,-16.19,64.3,126,25.99,22.03,70.21,-3.82,98.8,84.0,818.49,366.43,2026-09-29
LIKHITHA,228.63,-0.69,3.65,2.98,45.84,-15.47,67.5,126,18.16,6.03,92.37,-15.47,72.3,83.0,272.0,155.5,2026-09-29
MAYURUNIQ,717.05,-1.72,2.03,-3.76,46.18,-18.24,30.2,126,29.07,36.75,74.13,-11.45,77.4,84.0,899.99,486.66,2026-09-29
CHAMBLFERT,418.45,0.12,-5.44,-5.91,2.29,-13.45,11.0,127,-0.38,-0.55,17.68,-14.53,42.9,84.0,491.19,401.4,2026-09-29
SKMEGGPROD,211.35,-4.11,-5.43,-11.95,43.37,-41.14,33.9,127,46.48,47.95,108.46,-30.14,88.1,84.0,370.12,145.36,2026-09-29
LAXMIINDIA,118.26,-3.11,2.37,0.33,65.05,-15.07,50.8,126,16.9,15.51,46.81,-10.63,88.0,83.0,143.0,71.06,2026-09-29
PRESTIGE,1470.8,-0.47,-0.64,-1.82,30.73,-15.03,43.3,127,15.99,16.38,45.32,-6.73,85.7,84.0,1739.31,1088.63,2026-09-29
APOLLO,408.3,3.21,16.16,5.11,124.28,-9.22,79.5,127,45.31,30.85,133.17,-15.59,79.8,84.0,466.21,179.39,2026-09-29
VLSFINANCE,237.4,-0.98,-1.56,-1.74,14.96,-11.63,36.8,125,6.84,7.26,23.97,-8.08,80.7,83.0,275.27,203.72,2026-09-29
TIMKEN,3180.5,-0.8,-5.33,-4.92,3.58,-15.5,25.2,127,-5.04,-8.66,21.61,-16.53,28.6,84.0,3921.83,3032.65,2026-09-29
JSWHL,11026.0,-0.33,-8.07,-8.64,3.48,-18.9,7.1,126,-10.46,-9.17,6.8,-24.48,8.4,83.0,13879.0,10530.0,2026-09-29
AWL,180.66,-2.0,-4.88,-4.63,2.54,-14.31,4.7,127,0.78,1.18,12.72,-8.67,58.3,84.0,214.89,174.09,2026-09-29
DHUNINV,968.5,-1.46,8.07,8.38,40.74,-13.21,76.0,125,11.0,14.29,34.84,-11.97,73.5,83.0,1151.75,665.04,2026-09-29
PYRAMID,161.11,-0.73,-1.67,-1.16,20.21,-17.52,35.2,125,4.41,3.16,27.96,-12.5,57.8,83.0,198.05,131.37,2026-09-29
FOSECOIND,6298.0,-2.63,20.73,22.62,40.66,-8.01,90.5,126,12.83,11.69,33.3,-7.97,91.7,84.0,7389.5,4447.77,2026-09-29
ORISSAMINE,3667.6,-1.8,-9.32,-9.86,17.34,-26.7,4.7,127,5.33,5.74,28.35,-14.68,69.0,84.0,5199.0,3100.5,2026-09-29
KAYNES,3658.0,0.22,3.32,4.23,21.89,-18.85,63.0,127,-2.64,-8.42,27.4,-27.06,39.3,84.0,4538.6,2995.0,2026-09-29
CUB,215.99,-4.25,5.15,5.54,21.28,-9.43,63.0,127,13.67,14.91,29.94,-8.2,96.4,84.0,248.85,170.87,2026-09-29
BORORENEW,452.25,-0.64,-14.37,-13.87,19.96,-30.6,7.1,127,14.76,12.56,60.52,-26.08,72.6,84.0,669.9,374.4,2026-09-29
HSCL,669.95,-1.3,5.53,1.05,51.92,-16.35,58.3,127,28.73,31.3,58.32,-7.54,86.9,84.0,819.5,422.63,2026-09-29
SASKEN,1658.2,-1.95,-4.92,-11.52,50.54,-36.93,22.0,127,38.45,40.87,140.96,-34.5,70.2,84.0,2760.49,1092.3,2026-09-29
SCHAEFFLER,3955.5,-1.3,-2.76,-3.05,7.6,-9.17,15.7,127,0.68,-1.22,11.81,-7.1,42.9,84.0,4445.0,3660.68,2026-09-29
KLBRENG-B,514.4,-1.41,17.38,12.56,44.77,-1.41,86.2,29,,,,,,,535.0,343.74,2026-09-29
BETA,2040.3,-2.78,15.31,-2.4,71.55,-23.54,45.6,125,57.87,63.35,101.11,-5.68,96.4,83.0,2807.9,1101.0,2026-09-29
INOXINDIA,2051.1,-4.9,18.61,8.48,74.77,-10.66,84.3,127,37.18,34.23,75.71,2.37,100.0,84.0,2339.5,1147.52,2026-09-29
KAJARIACER,1189.5,-2.35,2.95,-0.14,29.93,-5.2,48.4,126,12.88,13.32,32.18,-1.5,94.0,83.0,1268.64,906.95,2026-09-29
KOLTEPATIL,425.6,-1.48,9.43,10.78,43.83,-17.62,71.4,126,15.03,16.45,41.92,-6.59,92.9,84.0,554.6,292.25,2026-09-29
ZENSARTECH,436.7,0.41,-9.41,-9.48,5.17,-25.78,12.6,127,-6.7,-3.36,5.32,-21.55,19.0,84.0,596.51,412.97,2026-09-29
COSMOFIRST,842.75,-0.78,6.18,4.34,42.22,-12.65,59.8,127,22.04,23.32,38.58,6.02,100.0,84.0,996.0,576.85,2026-09-29
ROUTE,453.45,-2.06,-11.64,-11.54,10.34,-23.63,1.6,127,5.09,3.61,24.88,-13.91,63.1,84.0,642.7,406.12,2026-09-29
KEC,390.55,-1.61,-18.99,-20.32,-0.26,-35.49,0.0,127,-13.27,-14.34,5.89,-26.95,3.6,84.0,609.9,389.15,2026-09-29
MASTEK,1555.9,-1.7,-5.92,-5.53,16.91,-18.71,8.7,127,6.22,5.85,18.92,-3.82,86.9,84.0,1929.33,1322.97,2026-09-29
ICICIGI,1540.0,-0.88,-9.09,-11.53,7.87,-18.28,12.6,127,-7.54,-9.08,8.42,-22.03,22.6,84.0,1901.68,1423.1,2026-09-29
JAMNAAUTO,139.68,1.07,11.92,12.18,27.98,-2.34,96.9,127,5.69,6.76,20.18,-11.33,75.0,84.0,147.17,107.95,2026-09-29
JAYKAY,203.81,0.03,22.94,21.78,72.27,-4.73,97.6,127,6.74,0.97,51.49,-27.33,51.2,84.0,219.35,115.52,2026-09-29
BLISSGVS,737.65,4.68,83.6,58.14,242.82,2.13,100.0,127,84.12,81.65,150.29,38.55,100.0,84.0,739.9,213.71,2026-09-29
GLOBAL,133.61,-1.32,26.02,29.6,44.65,-5.24,97.6,127,7.53,5.47,33.65,-14.68,83.3,84.0,143.0,81.6,2026-09-29
OSWALAGRO,33.67,-0.97,-18.59,-19.49,0.72,-37.53,0.8,127,-12.42,-17.7,23.58,-24.77,17.9,84.0,55.0,32.36,2026-09-29
LTM,4091.4,0.21,-2.59,-2.89,15.64,-15.64,42.5,127,1.64,4.55,23.18,-14.99,52.4,84.0,4850.0,3528.0,2026-09-29
SIGMAADV,930.4,-1.65,127.44,72.19,530.69,-2.03,96.8,126,146.59,121.0,296.09,53.81,100.0,84.0,980.0,147.15,2026-09-29
IXIGO,155.08,-1.1,-11.45,-8.86,2.24,-30.22,2.4,127,5.9,7.24,33.38,-19.62,70.2,84.0,223.7,151.27,2026-09-29
5PAISA,305.15,-1.21,-9.47,-9.34,22.5,-24.77,10.3,126,12.95,10.55,42.89,-13.08,86.9,84.0,416.95,245.5,2026-09-29
BANDHANBNK,181.0,-3.57,-1.45,-1.04,29.16,-15.77,49.6,127,3.79,-8.13,44.45,-21.53,41.7,84.0,218.86,139.49,2026-09-29
TATACONSUM,960.0,-2.36,-12.28,-12.54,-2.36,-23.83,0.0,127,-3.79,-4.75,10.58,-13.73,36.9,84.0,1271.94,955.5,2026-09-29
MONARCH,350.1,-3.49,3.13,0.96,40.54,-11.72,53.5,127,22.23,23.35,44.43,2.25,100.0,84.0,405.91,234.85,2026-09-29
TEGA,2011.5,-3.83,19.73,20.49,36.31,-5.52,96.0,126,0.48,-0.72,21.29,-17.06,48.8,84.0,2175.0,1471.29,2026-09-29
RELAXO,290.75,-2.1,-13.23,-14.04,23.59,-33.17,12.7,126,22.56,28.04,75.64,-29.63,82.1,84.0,449.63,233.86,2026-09-29
MAHLIFE,363.1,1.75,3.49,1.8,24.57,-8.83,61.4,127,9.63,11.02,24.74,-10.07,81.0,84.0,408.0,284.1,2026-09-29
STCINDIA,106.91,-2.23,-9.64,-9.69,9.29,-26.31,3.2,126,4.28,0.83,31.24,-23.44,56.6,83.0,150.0,97.04,2026-09-29
EIEL,193.0,-2.94,-4.99,-6.31,37.47,-21.06,21.3,127,14.45,6.32,59.36,-12.06,78.6,84.0,247.4,139.0,2026-09-29
JKCEMENT,4993.5,-0.13,-5.91,-7.07,6.62,-16.14,12.6,127,-0.58,-0.82,12.21,-12.36,44.0,84.0,5997.68,4654.18,2026-09-29
GUFICBIO,420.4,-0.79,18.04,11.24,53.58,-6.16,79.4,126,29.61,28.95,50.92,8.85,100.0,83.0,467.8,272.93,2026-09-29
AURUM,218.95,-1.57,8.43,1.12,41.38,-12.71,54.0,126,23.05,24.52,45.72,-2.28,98.8,83.0,264.64,151.9,2026-09-29
LGEINDIA,1730.7,0.31,10.42,10.45,31.23,0.06,100.0,127,4.36,4.67,18.89,-6.69,73.8,84.0,1755.0,1304.1,2026-09-29
JAYAGROGN,230.42,-1.88,8.34,6.08,56.29,-10.75,88.0,125,13.48,11.72,36.78,-4.04,95.2,83.0,265.0,144.96,2026-09-29
NFL,65.76,-1.36,-8.88,-9.48,3.47,-15.48,0.8,127,-2.53,-5.64,16.26,-13.79,28.6,84.0,78.75,62.4,2026-09-29
STLTECH,825.35,-1.42,79.07,45.21,367.99,-8.03,92.9,127,113.47,86.0,275.5,9.46,100.0,84.0,912.0,170.8,2026-09-29
PERSISTENT,5328.5,-0.81,3.31,3.05,24.39,-9.3,59.1,127,5.91,8.5,24.39,-14.24,73.8,84.0,5910.0,4229.81,2026-09-29
SALZERELEC,535.55,-1.05,-10.92,-11.65,9.55,-30.31,4.7,127,-3.72,-10.57,29.68,-26.03,35.7,84.0,776.24,486.57,2026-09-29
ONMOBILE,50.84,-3.73,-6.81,-4.62,25.44,-36.47,31.5,127,16.02,9.99,82.38,-15.58,75.0,84.0,84.0,40.21,2026-09-29
RCF,109.95,1.26,-10.53,-12.3,4.35,-18.74,7.9,127,-0.62,-2.33,24.47,-19.63,39.3,84.0,138.29,104.71,2026-09-29
KANORICHEM,202.55,2.01,79.21,55.59,260.79,2.01,100.0,127,73.26,69.09,138.74,39.17,100.0,84.0,206.0,56.0,2026-09-29
GENUSPOWER,294.05,-3.81,-4.83,-5.99,37.06,-15.77,11.0,127,11.9,7.18,48.74,-11.49,73.8,84.0,358.36,211.35,2026-09-29
INGERRAND,4226.8,-0.16,-2.04,-2.7,21.7,-13.45,26.0,127,9.69,7.18,32.72,-10.53,78.6,84.0,4955.0,3456.4,2026-09-29
HPL,270.95,-2.59,-18.79,-21.02,5.77,-32.35,0.8,127,-0.72,-7.39,49.34,-29.3,38.1,84.0,403.54,254.63,2026-09-29
CARTRADE,2880.1,-4.08,25.07,6.95,77.41,-9.43,76.4,127,48.38,53.46,84.94,7.59,100.0,84.0,3254.0,1600.0,2026-09-29
HERITGFOOD,402.05,-1.31,16.4,20.07,37.81,-5.19,92.1,127,8.4,6.96,33.18,-10.68,75.0,84.0,429.9,290.36,2026-09-29
STANLEY,135.81,-5.9,-6.96,-5.86,9.79,-26.11,15.9,126,-0.39,-4.48,24.77,-17.68,39.3,84.0,189.0,123.0,2026-09-29
VADILALIND,7397.5,-1.82,28.47,17.2,82.32,-5.83,86.5,126,43.01,44.82,84.89,7.23,100.0,84.0,8379.66,4029.62,2026-09-29
AMBER,6990.0,0.43,-6.76,-6.54,11.28,-20.95,8.7,127,0.52,-1.18,25.72,-16.92,41.7,84.0,8974.0,6120.0,2026-09-29
DMART,3803.5,-0.8,-7.18,-6.43,3.36,-17.82,11.8,127,-4.91,-7.62,18.46,-16.23,25.0,84.0,4644.0,3650.0,2026-09-29
DEVYANI,131.09,-2.91,9.68,12.97,38.59,-12.55,71.7,127,12.7,15.5,28.92,-8.95,84.5,84.0,155.95,91.55,2026-09-29
GESHIP,1533.4,2.42,8.4,9.51,20.28,-9.87,90.6,127,-3.46,-1.24,10.02,-23.65,42.9,84.0,1766.73,1261.0,2026-09-29
ZEEL,76.5,-0.48,-16.52,-17.04,8.58,-32.33,3.9,127,15.63,20.23,69.25,-31.48,72.6,84.0,115.59,69.5,2026-09-29
SMARTWORKS,511.65,-3.44,9.24,8.78,37.37,-7.42,79.5,127,15.92,15.61,32.18,2.32,100.0,84.0,567.9,361.5,2026-09-29
IGPL,581.55,-1.96,28.28,31.52,77.42,-1.96,96.8,126,18.92,20.47,37.71,0.49,100.0,84.0,609.9,322.48,2026-09-29
NBIFIN,1948.2,1.13,-1.33,-1.05,23.07,-15.32,42.9,126,6.76,6.38,30.17,-3.15,92.9,84.0,2452.13,1538.45,2026-09-29
GREENLAM,217.51,-3.04,-9.12,-9.46,6.65,-20.53,2.4,126,8.72,9.75,28.83,-16.12,82.1,84.0,278.55,197.29,2026-09-29
AETHER,1739.2,-1.57,31.04,29.58,65.43,-1.57,99.2,127,30.13,27.89,55.22,0.58,100.0,84.0,1798.0,1023.7,2026-09-29
LOKESHMACH,326.1,-4.14,12.72,11.7,61.84,-10.56,61.1,126,32.15,32.47,56.48,13.25,100.0,84.0,385.8,198.02,2026-09-29
PTC,154.88,-0.14,-4.25,-3.5,10.85,-23.2,28.3,127,-1.26,-5.5,25.59,-19.35,34.5,84.0,203.54,139.06,2026-09-29
DLF,663.55,-2.85,7.63,6.77,33.28,-3.98,76.4,127,13.29,14.77,29.42,-2.37,94.0,84.0,691.05,483.33,2026-09-29
BHAGERIA,380.85,-3.48,93.1,84.65,199.57,-3.48,99.2,125,43.3,41.2,84.97,4.37,100.0,83.0,397.0,126.11,2026-09-29
RATEGAIN,828.7,0.11,8.43,-2.71,89.14,-16.3,43.3,127,47.02,51.99,105.22,-4.13,89.3,84.0,1050.0,437.0,2026-09-29
DIFFNKG,444.15,3.18,23.42,16.2,78.47,-8.52,92.8,125,33.5,31.01,69.82,7.35,100.0,83.0,519.9,245.08,2026-09-29
TINNARUBR,947.4,-3.14,8.12,0.72,77.32,-20.12,52.0,125,37.81,39.82,77.67,2.09,100.0,83.0,1317.76,525.76,2026-09-29
BALMLAWRIE,162.48,-1.02,-6.08,-5.87,11.72,-15.36,5.5,127,0.62,-1.65,22.69,-11.1,45.2,84.0,194.63,144.74,2026-09-29
MAMATA,401.2,-2.6,1.44,-0.13,34.24,-7.75,46.8,126,3.75,0.69,38.78,-10.97,55.4,83.0,441.63,296.62,2026-09-29
CREDITACC,1255.2,-3.36,-9.58,-10.82,8.39,-22.23,13.4,127,13.97,16.32,34.43,-12.33,89.3,84.0,1634.0,1144.1,2026-09-29
ORIENTELEC,160.0,-1.39,-9.92,-10.32,3.7,-16.94,4.8,126,0.64,-0.34,15.07,-10.21,45.8,83.0,199.03,148.4,2026-09-29
INDIGOPNTS,1110.0,-1.65,11.1,8.46,56.82,-6.39,76.4,127,22.46,21.02,43.58,3.66,100.0,84.0,1215.74,705.06,2026-09-29
DIXON,13640.0,1.87,10.01,9.59,41.12,-8.94,67.7,127,21.58,24.15,38.32,2.71,100.0,84.0,14988.47,9592.62,2026-09-29
KTKBANK,321.85,-4.07,17.38,19.56,46.61,-6.18,84.3,127,19.38,20.06,33.21,3.98,100.0,84.0,345.4,213.67,2026-09-29
CELLO,332.6,-1.74,-10.75,-11.29,3.84,-22.59,5.6,126,-10.18,-9.49,0.54,-19.48,1.2,84.0,440.45,314.6,2026-09-29
FINEORG,5124.0,0.81,4.9,3.53,29.78,-3.72,69.0,126,10.28,9.93,34.8,-4.68,85.5,83.0,5394.8,3893.2,2026-09-29
JISLJALEQS,28.88,0.45,-6.51,-6.42,9.02,-19.78,15.7,127,-3.03,-6.33,28.15,-19.39,28.6,84.0,37.89,26.11,2026-09-29
E2E,625.9,-4.03,55.84,52.35,204.72,-8.78,91.3,127,69.44,67.23,126.87,32.6,100.0,84.0,698.0,202.89,2026-09-29
GALAXYSURF,2190.7,-3.12,13.3,13.65,46.29,-12.67,81.6,125,15.46,13.64,39.03,-10.4,90.4,83.0,2648.0,1492.96,2026-09-29
HMVL,68.96,-4.54,-11.92,-17.36,23.3,-33.98,31.2,125,29.37,35.7,60.2,-20.63,83.1,83.0,108.16,55.2,2026-09-29
NOVARTIND,1935.0,-1.56,38.15,30.19,187.84,-20.31,88.9,117,44.84,37.42,137.44,-4.52,98.1,54.0,2588.8,672.25,2026-09-29
INDIQUBE,199.44,0.25,15.95,16.25,47.07,-2.98,94.4,125,12.73,15.0,36.87,-6.97,85.5,83.0,209.9,132.14,2026-09-29
SHREERAMA,43.39,-3.66,-0.94,-1.31,14.46,-18.53,42.9,126,-7.15,-8.59,12.94,-23.67,26.2,84.0,56.0,37.62,2026-09-29
BDL,1115.0,-2.19,-13.6,-14.6,1.71,-23.96,0.8,127,-1.21,-1.81,24.79,-16.66,44.0,84.0,1480.7,1085.64,2026-09-29
ZYDUSWELL,524.4,0.73,0.51,1.96,23.24,-12.96,58.3,127,13.21,11.65,40.16,-7.73,91.7,84.0,611.85,419.46,2026-09-29
ARVINDFASN,413.75,-0.83,-8.47,-8.94,2.9,-14.27,1.6,126,3.14,1.55,26.54,-13.73,60.2,83.0,493.28,364.92,2026-09-29
BIRLACABLE,351.4,-3.05,75.41,78.23,239.06,-14.19,88.1,126,59.78,60.41,103.93,13.88,100.0,84.0,418.8,103.34,2026-09-29
LLOYDSENT,76.33,-4.19,8.16,6.06,84.59,-8.59,71.7,127,24.81,16.37,84.23,-12.79,89.3,84.0,84.7,40.66,2026-09-29
AEGISVOPAK,298.55,3.84,27.25,25.35,84.82,-6.2,92.9,127,36.25,36.48,68.64,-4.72,95.2,84.0,320.95,157.89,2026-09-29
RSYSTEMS,275.21,16.8,7.88,8.35,25.0,-10.95,88.1,126,-6.84,-7.4,15.2,-23.31,19.3,83.0,324.7,213.52,2026-09-29
GOCOLORS,304.8,-3.95,-4.98,-6.18,22.31,-26.41,27.8,126,15.16,17.78,58.58,-21.35,73.8,84.0,440.0,247.3,2026-09-29
WCIL,92.75,-2.13,-1.32,-2.13,19.11,-16.94,39.4,127,-4.3,-8.38,28.84,-19.08,23.8,84.0,112.75,77.02,2026-09-29
BFUTILITIE,515.9,-1.63,-6.38,-7.91,38.79,-23.29,14.2,127,12.45,1.95,63.71,-20.42,57.1,84.0,694.55,368.7,2026-09-29
UNITDSPR,1415.4,-0.59,3.84,3.06,17.02,-9.04,69.3,127,10.08,10.71,25.1,-10.65,86.9,84.0,1563.4,1201.55,2026-09-29
FUSION,171.93,-2.94,-9.33,-9.83,24.37,-27.5,15.0,127,15.51,12.29,56.55,-8.28,81.0,84.0,243.0,136.5,2026-09-29
AURIONPRO,642.5,-4.06,-17.71,-18.85,-3.09,-30.17,0.0,127,-7.25,-9.78,19.99,-25.9,22.6,84.0,931.28,638.55,2026-09-29
PAISALO,79.6,-10.58,36.53,32.12,136.42,-14.8,89.8,127,57.46,52.61,101.12,23.37,100.0,84.0,94.88,33.44,2026-09-29
CEINSYS,685.15,-0.33,-21.54,-24.57,2.32,-43.97,6.3,127,-15.84,-20.34,7.94,-28.86,13.1,84.0,1243.51,661.6,2026-09-29
CREST,359.9,-0.83,-1.38,-1.38,11.09,-10.77,27.0,126,5.49,4.11,27.68,-9.48,77.4,84.0,412.86,297.33,2026-09-29
NTPC,321.1,-1.68,-9.61,-8.29,-0.79,-20.88,0.0,127,-9.08,-9.09,0.27,-16.89,1.2,84.0,409.97,320.04,2026-09-29
PREMIERPOL,92.81,-2.71,41.55,46.21,82.96,-7.66,95.2,126,31.24,33.21,72.7,-10.06,88.1,84.0,106.0,50.26,2026-09-29
ECLERX,1816.2,-4.35,11.63,14.9,37.16,-9.39,66.1,127,16.65,19.22,42.18,-15.17,72.6,84.0,2062.0,1319.27,2026-09-29
SUYOG,641.9,-1.31,-16.68,-17.9,4.64,-28.68,1.6,126,6.28,6.18,36.05,-21.68,66.7,84.0,919.77,581.18,2026-09-29
KSOLVES,245.5,-1.21,-12.83,-12.39,0.49,-28.76,0.8,127,-3.19,-2.77,15.63,-15.38,22.6,84.0,349.26,242.47,2026-09-29
BAJAJFINSV,1752.0,-1.07,-4.78,-4.21,7.46,-16.77,18.9,127,7.31,7.93,18.49,-10.57,85.7,84.0,2118.5,1595.64,2026-09-29
OBEROIRLTY,1830.0,-1.53,4.93,4.92,29.26,-6.22,67.5,126,12.2,11.17,28.68,-2.02,98.8,84.0,1983.95,1404.74,2026-09-29
MALLCOM,937.9,-0.95,-7.64,-7.6,3.17,-15.54,2.4,125,-3.69,-4.9,10.21,-15.74,28.9,83.0,1148.43,902.34,2026-09-29
RELIGARE,234.32,-3.28,-2.49,-1.34,15.91,-15.82,44.1,127,9.82,10.71,33.69,-13.21,84.5,84.0,280.0,201.0,2026-09-29
AMAGI,560.0,-2.72,16.6,5.03,76.82,-17.0,54.3,127,43.59,45.3,74.04,1.0,100.0,84.0,727.4,310.2,2026-09-29
HDBFS,637.4,-1.66,-5.99,-6.22,14.16,-15.72,10.2,127,6.42,3.84,34.73,-15.27,72.6,84.0,786.55,553.72,2026-09-29
TIRUPATIFL,76.72,-1.99,41.12,19.91,94.57,-5.92,95.2,125,47.33,54.89,80.54,-4.55,97.6,83.0,83.9,38.0,2026-09-29
MAPMYINDIA,866.1,-1.79,-8.39,-7.51,8.43,-27.37,19.0,126,7.86,7.33,28.82,-19.11,76.2,84.0,1228.34,792.67,2026-09-29
SBCL,1110.2,-3.84,53.1,50.33,186.82,-3.96,92.9,127,57.09,53.24,106.88,16.07,100.0,84.0,1215.7,367.86,2026-09-29
BIKAJI,557.9,-2.8,-11.75,-13.0,3.13,-19.09,4.8,126,-3.65,-4.78,11.66,-19.37,34.5,84.0,707.37,532.75,2026-09-29
IONEXCHANG,422.9,0.65,7.7,6.8,32.46,-9.39,78.7,127,8.15,7.05,32.56,-11.37,76.2,84.0,484.36,316.13,2026-09-29
GNA,594.7,-3.72,31.0,32.91,71.72,-4.15,97.6,127,27.16,26.79,60.81,-18.42,86.9,84.0,648.0,344.73,2026-09-29
HINDUNILVR,1896.0,-2.41,-10.23,-10.73,-1.61,-19.15,0.0,127,-4.06,-6.03,8.12,-11.87,28.6,84.0,2383.75,1893.2,2026-09-29
INTERARCH,1706.2,-0.79,-5.5,-4.54,5.33,-22.04,23.0,126,-3.62,-4.03,15.86,-19.31,31.0,84.0,2263.21,1588.15,2026-09-29
3MINDIA,33415.0,-1.5,1.48,1.75,15.85,-7.6,61.6,125,6.69,6.17,20.51,-9.15,84.3,83.0,37300.0,28319.86,2026-09-29
GEOJITFSL,78.3,-3.94,6.55,2.41,51.91,-6.45,67.5,126,20.25,19.93,47.75,-0.89,98.8,83.0,86.5,49.9,2026-09-29
ELANTAS,13819.0,-0.45,32.32,39.69,53.06,-6.58,92.0,112,23.78,25.75,52.05,-4.58,91.8,49.0,15150.0,8900.0,2026-09-29
GMDCLTD,522.25,-2.93,-12.58,-10.89,-2.24,-28.86,0.0,127,-6.06,-8.79,25.71,-23.98,28.6,84.0,758.89,521.0,2026-09-29
GAUDIUMIVF,112.2,-2.62,-1.82,-3.63,56.86,-29.06,30.7,127,22.56,16.34,57.99,-5.25,94.0,84.0,163.18,71.0,2026-09-29
KECL,120.07,-4.83,0.35,-1.44,46.73,-20.07,44.4,126,16.75,16.85,43.35,-15.37,91.6,83.0,155.0,81.05,2026-09-29
HONAUT,33855.0,-0.03,-1.66,-4.71,28.97,-15.58,28.8,125,18.3,20.09,50.94,-14.43,84.3,83.0,41495.0,26146.08,2026-09-29
LTTS,3211.6,0.17,-6.13,-6.07,5.38,-14.64,8.7,127,0.7,0.59,9.76,-8.2,56.0,84.0,3804.99,3030.0,2026-09-29
SPANDANA,228.35,1.25,-7.83,-8.39,24.0,-26.47,22.0,127,10.53,3.05,53.45,-15.47,54.8,84.0,319.4,181.1,2026-09-29
MARSONS,120.13,-2.23,-4.9,-2.79,17.56,-29.65,40.9,127,-14.89,-16.38,13.24,-36.86,22.1,77.0,175.4,100.25,2026-09-29
MCLEODRUSS,43.67,1.37,-17.17,-18.96,50.74,-44.31,11.1,126,11.67,-8.13,106.49,-37.68,40.5,84.0,78.41,28.5,2026-09-29
PRINCEPIPE,257.75,-1.55,-3.16,-3.5,25.53,-13.32,18.3,126,8.38,6.65,39.36,-9.34,79.8,84.0,301.94,204.28,2026-09-29
ALOKINDS,7.22,-3.73,-36.57,-42.01,2.41,-49.97,2.4,127,-15.77,-12.63,13.69,-46.95,19.0,84.0,14.8,6.98,2026-09-29
WAAREEINDO,219.35,-4.98,-37.39,-43.32,-4.98,-59.44,0.0,127,-16.51,-23.47,28.86,-44.26,23.8,84.0,540.85,219.35,2026-09-29
KIOCL,331.0,-2.86,-13.08,-14.37,4.45,-21.17,1.6,127,2.6,-1.44,35.58,-20.42,45.2,84.0,442.0,313.45,2026-09-29
HEALTHX,285.15,-1.21,-4.04,-4.97,10.97,-15.54,24.0,125,7.47,8.51,25.46,-12.06,71.1,83.0,347.85,252.5,2026-09-29
PATELRMART,204.0,-1.11,-2.52,-5.04,34.9,-14.74,27.6,127,14.79,13.74,43.38,-9.38,84.5,84.0,246.78,150.25,2026-09-29
KELLTONTEC,13.09,-2.75,-11.63,-12.97,-1.13,-22.18,0.0,127,-7.3,-10.02,15.71,-19.39,19.0,84.0,18.06,13.0,2026-09-29
SANOFI,3103.5,-1.17,-5.53,-6.07,1.67,-12.23,6.3,127,-1.88,-1.26,7.85,-15.43,35.7,84.0,3560.67,3049.0,2026-09-29
DOMS,2046.5,-1.75,-9.0,-9.13,-1.74,-15.26,0.0,125,-1.54,-1.58,10.01,-10.12,32.5,83.0,2430.97,2045.0,2026-09-29
CLEANMAX,1373.1,-1.46,13.77,8.64,78.39,-8.09,87.3,126,26.97,16.99,78.97,-10.27,90.5,84.0,1536.0,727.1,2026-09-29
BUILDPRO,1256.7,-1.52,8.85,8.81,31.63,-6.76,76.4,127,13.2,13.07,27.93,-6.7,94.0,84.0,1380.0,928.52,2026-09-29
PROTEAN,691.5,0.12,24.35,23.91,57.74,0.12,100.0,127,5.2,6.85,32.47,-21.9,70.2,84.0,719.0,436.03,2026-09-29
CESC,136.18,-2.63,-15.09,-14.72,-2.63,-28.93,0.0,127,-3.76,-9.07,18.4,-16.48,35.7,84.0,197.2,135.9,2026-09-29
INTLCONV,79.9,-1.56,3.41,2.62,33.81,-4.64,78.0,127,3.2,-0.96,34.72,-11.15,42.9,84.0,85.53,59.6,2026-09-29
COLPAL,1845.9,-0.53,-7.36,-8.6,4.41,-15.01,12.6,127,-1.7,-4.36,15.2,-13.54,41.7,84.0,2213.4,1761.24,2026-09-29
CAMS,691.55,-2.23,-8.35,-9.25,11.43,-16.62,3.9,127,5.53,2.14,31.59,-13.43,59.5,84.0,837.88,614.85,2026-09-29
TARIL,270.45,-2.59,-12.19,-12.35,6.43,-24.59,1.6,127,2.3,-3.17,38.14,-21.66,44.0,84.0,371.66,252.77,2026-09-29
VISAKAIND,87.21,-4.14,13.94,13.46,73.74,-14.89,72.4,127,29.84,28.87,55.91,14.82,100.0,84.0,103.35,48.93,2026-09-29
NAVA,547.0,-0.81,-7.65,-7.08,3.89,-24.41,2.4,127,-4.24,-6.02,14.26,-20.24,31.0,84.0,732.56,524.1,2026-09-29
CLSEL,285.75,-3.04,2.43,2.1,40.65,-9.52,62.4,125,9.28,6.22,41.83,-5.34,83.1,83.0,321.5,201.68,2026-09-29
REFEX,275.8,-3.5,-3.48,-6.0,46.01,-24.08,31.7,126,23.99,18.29,87.98,-22.24,70.2,84.0,370.22,187.9,2026-09-29
SAGCEM,149.64,-1.97,-13.15,-14.91,2.32,-22.61,3.2,126,-4.43,-4.77,16.35,-16.58,21.7,83.0,199.39,141.52,2026-09-29
ESSARSHPNG,15.63,-3.04,-25.89,-32.26,0.64,-46.87,0.8,126,-18.94,-24.0,9.02,-35.61,14.5,83.0,31.06,15.43,2026-09-29
STYRENIX,2036.4,-1.48,-6.88,-7.81,14.43,-17.33,11.8,127,4.87,3.68,29.15,-11.86,59.5,84.0,2625.97,1761.86,2026-09-29
ONGC,230.0,-2.48,-9.59,-6.2,-0.35,-23.36,0.0,127,-11.73,-12.57,2.97,-21.03,2.4,84.0,306.2,226.69,2026-09-29
LODHA,1117.1,-4.11,11.61,15.89,65.59,-14.84,59.1,127,30.66,35.36,54.3,-3.77,92.9,84.0,1340.24,648.52,2026-09-29
AJAXENGG,589.9,-2.94,7.11,4.21,45.98,-4.11,84.9,126,11.04,10.06,34.06,-4.33,83.3,84.0,625.05,394.8,2026-09-29
JUBLINGREA,654.8,-0.2,-3.71,-4.86,20.84,-13.98,32.3,127,6.62,7.18,17.23,-3.4,85.7,84.0,792.33,538.19,2026-09-29
HOMEFIRST,1094.0,-2.59,-4.54,-6.81,21.48,-14.54,23.8,126,10.31,9.99,29.68,-6.33,89.3,84.0,1289.6,889.54,2026-09-29
TRANSPEK,1304.2,-0.64,15.48,12.47,36.7,-8.57,76.6,111,18.2,16.94,45.79,-13.5,75.0,48.0,1454.61,939.13,2026-09-29
BAJFINANCE,985.0,-1.19,0.66,0.01,23.64,-15.0,50.4,127,13.79,15.13,26.12,-9.14,92.9,84.0,1176.4,787.61,2026-09-29
DYCL,435.15,-4.77,17.25,15.46,80.89,-20.05,75.6,127,29.69,30.19,70.96,-4.61,96.4,84.0,560.0,236.47,2026-09-29
BIRLACORPN,839.1,-1.32,-9.32,-9.79,4.38,-20.01,8.7,127,-0.27,-2.93,28.84,-21.72,45.2,84.0,1089.29,789.9,2026-09-29
BHARATCOAL,32.51,1.5,-7.93,-5.14,8.55,-23.6,7.9,127,2.24,2.39,31.79,-24.47,58.3,84.0,44.4,29.74,2026-09-29
KAMDHENU,39.0,-2.4,36.64,28.34,127.87,-8.19,92.9,126,43.75,43.92,73.28,11.67,100.0,83.0,43.7,15.99,2026-09-29
PENINLAND,15.76,-5.63,-4.47,-4.02,12.65,-28.91,30.7,127,-3.29,-3.78,10.35,-19.85,34.5,84.0,22.68,13.82,2026-09-29
KARURVYSYA,320.75,-2.2,4.86,8.09,23.35,-9.48,62.2,127,11.28,12.66,25.87,-10.62,90.5,84.0,358.65,258.99,2026-09-29
SETL,422.65,4.99,111.29,63.25,300.05,-9.72,96.0,126,107.89,109.0,194.62,15.58,100.0,84.0,468.15,104.56,2026-09-29
TIRUMALCHM,155.04,-3.66,-11.58,-8.81,7.46,-30.17,5.5,127,-10.5,-11.02,8.58,-31.97,19.0,84.0,225.71,143.5,2026-09-29
VIKRAN,57.26,-3.24,-14.61,-18.67,10.66,-25.57,9.4,127,0.87,-1.49,46.88,-24.97,42.9,84.0,80.75,50.95,2026-09-29
ORKLAINDIA,554.3,-0.3,-7.66,-8.2,2.02,-14.75,7.1,127,-3.93,-5.6,13.82,-14.96,28.6,84.0,659.95,538.0,2026-09-29
LINC,89.65,-3.84,-9.39,-8.64,5.17,-23.19,0.8,126,0.9,-0.56,33.93,-21.47,45.8,83.0,120.87,83.71,2026-09-29
DEEPAKFERT,1350.5,-0.98,-2.13,-6.12,49.58,-18.3,35.4,127,25.98,24.54,83.76,-15.73,77.4,84.0,1669.61,898.87,2026-09-29
SRM,407.35,-2.14,-15.8,-17.67,6.12,-24.16,1.6,126,3.65,-1.74,34.35,-20.42,42.9,84.0,568.45,381.0,2026-09-29
TENNIND,502.15,-2.54,-11.04,-11.6,-0.83,-22.91,0.0,127,-2.99,-6.39,15.01,-14.16,35.7,84.0,657.0,497.8,2026-09-29
BALKRISIND,2153.8,-1.44,-2.75,-2.48,9.49,-14.69,25.4,126,2.59,3.87,19.02,-13.43,60.7,84.0,2558.0,1963.17,2026-09-29
JYOTICNC,1046.1,-1.78,32.88,34.53,78.67,-6.08,95.3,127,19.33,11.07,74.4,-25.54,77.4,84.0,1134.6,580.1,2026-09-29
GHCL,410.6,-2.19,-7.48,-6.16,0.54,-20.15,0.8,127,-4.16,-3.48,6.65,-14.65,25.0,84.0,534.59,405.66,2026-09-29
CHEMPLASTS,195.88,-0.81,-4.16,-3.48,18.63,-25.86,31.5,127,-17.64,-18.64,-2.17,-28.71,0.0,84.0,274.0,161.0,2026-09-29
BAJAJHLDNG,10800.0,-1.28,2.94,3.59,25.74,-6.71,65.4,127,9.06,9.33,24.73,-5.03,92.9,84.0,11576.91,8433.72,2026-09-29
INDIAMART,1637.0,-0.31,-12.81,-14.89,0.34,-22.9,2.4,127,-8.83,-9.25,7.79,-21.21,8.3,84.0,2137.28,1619.0,2026-09-29
QUESS,340.9,0.0,34.62,28.61,105.51,-10.7,81.1,127,51.86,50.97,86.46,13.59,100.0,84.0,388.75,162.54,2026-09-29
CGCL,248.9,-1.89,15.3,12.73,50.56,-11.08,75.6,127,28.03,27.62,46.51,14.99,100.0,84.0,287.45,160.0,2026-09-29
SUTLEJTEX,37.0,-0.83,0.09,-2.62,53.02,-9.51,30.2,126,13.29,8.18,58.23,-5.85,89.2,83.0,42.93,24.0,2026-09-29
EMCURE,1927.8,-1.17,7.99,6.74,24.81,-4.06,82.7,127,13.66,13.55,24.09,3.95,100.0,84.0,2100.7,1454.17,2026-09-29
ELECTHERM,806.65,-7.64,-11.04,-18.95,45.25,-34.45,28.0,125,38.5,36.76,109.87,-30.79,80.7,83.0,1277.0,551.0,2026-09-29
POWERICA,562.95,-3.43,7.7,5.44,44.35,-14.94,73.6,125,11.2,6.87,53.12,-14.75,69.8,63.0,676.95,365.1,2026-09-29
CAPITALSFB,280.2,-0.9,1.15,-0.12,30.19,-8.21,49.6,125,10.92,8.06,30.6,-7.0,89.2,83.0,318.27,203.09,2026-09-29
PLATIND,205.91,-2.25,-8.14,-8.7,11.15,-22.02,3.9,127,2.12,2.27,22.45,-14.15,59.5,84.0,270.69,183.5,2026-09-29
TCS,2070.7,-0.54,-8.73,-8.85,5.02,-19.16,6.3,127,-4.26,-1.01,8.35,-19.76,38.1,84.0,2564.97,1966.02,2026-09-29
INNOVACAP,1271.2,-0.77,38.18,33.73,86.72,-2.03,97.6,126,29.52,30.49,45.54,7.85,100.0,84.0,1353.5,662.5,2026-09-29
PENIND,182.17,-1.48,11.34,10.31,39.15,-1.48,98.4,126,6.37,5.66,27.89,-8.95,71.4,84.0,190.0,129.1,2026-09-29
KENNAMET,4134.1,-1.74,32.11,39.67,70.09,-17.78,79.7,118,32.83,32.88,82.53,4.84,100.0,54.0,5136.0,2373.15,2026-09-29
TREL,28.89,2.01,10.9,10.31,20.58,-2.96,97.6,126,2.22,4.81,13.77,-16.12,69.0,84.0,31.51,23.37,2026-09-29
PFS,27.12,2.84,-7.43,-9.6,12.95,-15.46,13.4,127,-1.45,-6.07,30.7,-16.95,35.7,84.0,33.5,23.85,2026-09-29
ARMANFIN,1700.1,-9.84,-3.83,-4.65,26.54,-17.84,38.1,126,18.36,16.3,33.35,1.67,100.0,84.0,2158.6,1325.0,2026-09-29
POCL,452.65,-3.03,-11.22,-11.57,12.4,-26.42,6.3,127,4.55,-0.43,35.97,-20.85,50.0,84.0,644.75,399.03,2026-09-29
KFINTECH,884.05,-0.53,-0.9,-1.11,11.22,-10.12,39.4,127,2.78,2.01,21.49,-11.61,58.3,84.0,992.56,774.46,2026-09-29
ANDHRAPAP,72.62,-1.93,14.58,16.53,25.3,-2.68,94.4,126,0.81,-2.23,21.0,-12.81,41.7,84.0,79.79,57.53,2026-09-29
RELIANCE,1197.6,-2.32,-8.89,-8.8,-1.77,-17.8,0.0,127,-4.22,-3.76,3.66,-11.39,13.1,84.0,1466.62,1197.0,2026-09-29
POLYPLEX,1063.1,-2.13,6.51,8.1,42.28,-13.47,58.3,127,21.63,22.16,38.94,4.31,100.0,84.0,1262.93,739.37,2026-09-29
SPMLINFRA,161.42,-2.68,-16.21,-17.09,5.0,-27.22,0.8,127,-0.66,-5.98,36.11,-19.73,39.3,84.0,234.8,151.01,2026-09-29
NBCC,80.21,-3.2,-13.85,-14.26,4.19,-28.42,0.8,127,2.74,0.9,39.06,-27.35,52.4,84.0,113.51,76.65,2026-09-29
EIFFL,277.0,1.95,3.51,6.03,30.4,-22.31,62.4,125,19.77,20.53,56.1,-26.8,83.1,83.0,381.96,211.0,2026-09-29
MOSCHIP,200.21,-1.89,-3.64,-3.89,35.04,-19.26,12.6,127,12.31,3.39,39.28,-9.59,70.2,84.0,255.78,146.8,2026-09-29
ENRIN,3189.0,-3.74,-3.33,-3.66,24.3,-17.64,30.7,127,9.03,6.98,43.57,-20.39,60.7,84.0,3968.0,2521.7,2026-09-29
SGIL,650.75,1.28,14.89,12.16,36.25,-2.66,99.2,125,10.99,10.8,22.63,-5.07,95.2,83.0,697.95,462.7,2026-09-29
GENESYS,282.13,-1.41,10.42,7.15,65.13,-22.28,66.1,127,4.13,-2.1,55.88,-35.35,44.0,84.0,377.0,168.5,2026-09-29
PETRONET,289.85,1.17,4.69,4.34,18.01,-3.58,90.6,127,4.41,3.62,21.74,-11.34,81.0,84.0,300.6,238.0,2026-09-29
CHOLAFIN,1634.2,-1.71,-2.92,-5.43,20.68,-15.76,37.0,127,14.83,16.23,32.82,-11.07,86.9,84.0,1952.5,1298.89,2026-09-29
SOBHA,1218.7,-0.64,-9.2,-10.63,5.78,-19.7,8.7,127,0.48,-3.82,24.73,-16.3,36.9,84.0,1570.56,1125.39,2026-09-29
ARVSMART,615.75,0.28,1.89,2.4,23.01,-11.08,71.4,126,6.51,7.5,19.58,-10.6,76.2,84.0,705.41,497.28,2026-09-29
LALPATHLAB,1942.1,-0.52,16.64,16.76,48.77,-1.34,95.3,127,21.16,20.77,40.06,11.68,100.0,84.0,2038.6,1278.5,2026-09-29
SCODATUBES,130.53,-4.45,-5.84,-7.13,10.05,-17.57,28.3,127,0.64,-0.93,27.34,-12.99,48.8,84.0,165.0,118.0,2026-09-29
GODREJPROP,1669.8,-1.78,-9.41,-8.32,14.04,-22.55,7.9,127,13.13,16.17,32.36,-9.26,84.5,84.0,2180.0,1427.1,2026-09-29
STAR,1151.4,-2.83,8.24,8.66,23.36,-6.78,85.8,127,5.42,7.46,29.82,-17.34,67.9,84.0,1260.9,901.38,2026-09-29
EMIL,192.89,-3.66,47.68,53.49,118.94,-3.66,97.6,127,40.86,38.63,88.87,3.41,100.0,84.0,204.5,86.1,2026-09-29
SEDEMAC,3547.8,2.99,48.21,31.13,134.43,2.99,100.0,127,51.11,53.73,94.43,4.89,100.0,79.0,3595.0,1480.0,2026-09-29
NEWGEN,474.4,-2.25,-3.17,-2.71,19.24,-18.76,36.2,127,11.28,9.88,32.65,0.75,100.0,84.0,600.28,396.61,2026-09-29
GEMAROMA,156.62,-1.45,-7.35,-7.19,13.44,-25.65,23.2,125,7.02,10.79,40.11,-27.26,74.7,83.0,228.0,138.06,2026-09-29
SNOWMAN,35.09,0.52,-7.18,-6.6,14.3,-19.37,7.1,127,-1.2,-1.51,24.58,-13.94,36.9,84.0,44.14,30.5,2026-09-29
DIVISLAB,9550.0,-0.72,31.86,40.52,64.74,-0.77,96.8,126,23.39,22.15,46.24,3.02,100.0,84.0,9740.0,5624.31,2026-09-29
METROPOLIS,572.3,-1.77,6.68,4.62,35.96,-4.95,73.2,127,15.1,15.01,33.41,1.0,100.0,84.0,609.05,411.44,2026-09-29
HUDCO,168.66,-3.06,-13.31,-15.44,7.21,-26.25,3.1,127,1.01,-7.33,30.32,-19.49,41.7,84.0,232.16,156.74,2026-09-29
PROZONER,56.26,-0.86,16.12,16.08,37.09,-12.98,87.3,126,-7.07,-9.75,25.41,-35.51,42.2,83.0,69.0,39.55,2026-09-29
UTKARSHBNK,13.59,-1.52,-2.85,-4.23,32.97,-14.53,27.6,127,9.32,7.96,39.82,-8.39,72.6,84.0,16.49,10.12,2026-09-29
NAUKRI,1253.9,-0.07,14.23,20.81,35.84,-9.03,73.8,126,21.05,25.43,47.38,-1.92,96.4,83.0,1391.0,905.51,2026-09-29
COALINDIA,422.5,-0.84,-1.28,-0.91,6.96,-9.98,42.5,127,-5.16,-4.98,8.54,-14.56,10.7,84.0,478.71,390.85,2026-09-29
TANLA,497.3,0.52,-5.4,-4.96,33.23,-21.33,20.5,127,13.34,14.8,42.09,-7.83,81.0,84.0,656.0,361.83,2026-09-29
PIIND,2349.0,-2.12,-12.85,-13.98,4.17,-24.92,4.7,127,-10.76,-10.78,1.56,-21.37,2.4,84.0,3182.68,2191.0,2026-09-29
BFINVEST,435.2,-1.63,1.26,-1.54,40.02,-18.69,40.9,127,14.81,13.93,40.65,-2.29,89.3,84.0,584.7,308.16,2026-09-29
GEECEE,369.35,2.43,11.95,8.5,67.85,-3.56,89.7,126,20.2,16.04,56.23,5.69,100.0,83.0,387.87,214.67,2026-09-29
SUMEETINDS,11.59,-4.84,-43.04,-57.97,23.96,-67.17,12.7,126,-28.59,-25.01,17.47,-63.86,19.0,84.0,35.67,9.26,2026-09-29
ASTRAMICRO,1590.1,-1.99,11.87,-3.01,86.09,-14.46,43.3,127,48.41,53.43,105.87,-7.81,90.5,84.0,1957.23,849.8,2026-09-29
ABCAPITAL,382.7,-1.87,2.17,-1.87,30.95,-9.89,46.5,127,15.39,15.12,34.53,-0.67,96.4,84.0,430.7,287.7,2026-09-29
SWSOLAR,170.74,-3.35,-15.28,-15.88,14.68,-31.47,3.9,127,8.68,0.65,64.16,-30.12,53.6,84.0,260.8,148.0,2026-09-29
MUNJALAU,106.87,-1.97,12.53,9.27,59.06,-10.55,81.0,126,25.22,26.69,51.74,5.99,100.0,84.0,129.46,66.61,2026-09-29
GTPL,54.86,-3.02,-7.72,-6.96,8.17,-20.86,14.2,127,-6.71,-8.96,14.87,-22.95,26.2,84.0,70.05,49.06,2026-09-29
KINGFA,6384.0,2.35,22.3,23.96,53.05,2.3,100.0,126,15.99,14.94,29.4,2.18,100.0,84.0,6435.0,3943.22,2026-09-29
TECHM,1542.2,-0.37,4.11,6.39,17.78,-7.6,63.8,127,9.66,10.4,25.17,-3.01,95.2,84.0,1686.6,1293.68,2026-09-29
TVSELECT,378.85,-1.16,-17.1,-18.09,5.22,-28.45,2.4,126,7.15,4.45,42.06,-25.5,56.6,83.0,548.0,352.0,2026-09-29
ARIHANTSUP,236.25,-2.66,-6.32,-8.54,22.74,-17.61,16.0,125,3.26,0.23,32.64,-19.49,50.6,83.0,305.65,188.59,2026-09-29
ALGOQUANT,69.55,-3.78,15.52,17.7,39.77,-5.21,94.5,127,12.97,13.12,29.2,-11.47,91.7,84.0,76.2,48.85,2026-09-29
CRISIL,4650.6,2.89,9.92,10.26,26.04,-3.7,90.5,126,7.43,7.56,26.05,-9.03,86.7,83.0,4872.0,3669.91,2026-09-29
TRAVELFOOD,1203.0,-0.85,-4.85,-5.84,14.38,-15.12,11.0,127,6.17,4.26,27.64,-8.65,76.2,84.0,1459.26,1031.77,2026-09-29
DABUR,385.75,0.04,-7.94,-8.54,3.82,-19.88,12.6,127,-5.78,-7.84,9.47,-14.84,17.9,84.0,484.22,368.05,2026-09-29
UTLSOLAR,409.05,-3.09,24.13,21.63,107.12,-15.48,76.4,127,50.92,47.6,100.66,21.56,100.0,84.0,494.25,194.55,2026-09-29
DCXINDIA,159.24,-1.7,-14.02,-14.25,3.25,-28.54,0.8,127,-2.68,-9.13,28.85,-21.17,33.3,84.0,225.96,153.3,2026-09-29
INOXGREEN,170.0,-1.35,-4.89,-4.68,25.04,-17.75,15.7,127,10.25,3.93,51.92,-15.98,59.5,84.0,209.9,134.47,2026-09-29
UNICHEMLAB,536.4,-2.42,21.8,15.95,82.79,-17.55,71.7,127,43.23,43.08,95.76,12.61,100.0,84.0,687.2,278.2,2026-09-29
FOCUS,58.73,-1.19,-21.32,-24.67,1.0,-37.04,1.6,125,0.12,-11.41,54.79,-36.12,38.6,83.0,97.0,57.21,2026-09-29
KIRLOSIND,3520.5,-2.14,1.08,-4.64,42.88,-18.1,42.1,126,21.39,18.5,63.91,-13.41,90.5,84.0,4559.03,2454.51,2026-09-29
VALIANTORG,397.75,-3.09,36.83,38.98,96.84,-6.77,94.4,125,15.93,9.41,48.69,-6.66,80.7,83.0,442.1,201.15,2026-09-29
GSFC,153.04,-2.4,-3.1,-2.31,13.46,-11.22,11.8,127,-1.61,-3.11,16.49,-11.3,34.5,84.0,174.96,134.5,2026-09-29
ABB,6972.5,-1.13,-0.92,-2.2,19.22,-9.57,36.2,127,9.16,7.97,23.92,-1.42,91.7,84.0,7832.29,5818.43,2026-09-29
INDNIPPON,1290.6,-2.09,34.37,31.58,90.03,-5.73,95.2,126,36.86,38.21,60.03,8.9,100.0,84.0,1564.0,675.0,2026-09-29
AVANTEL,151.37,-2.93,-5.75,-5.49,19.76,-17.63,18.9,127,8.92,6.23,49.32,-18.83,66.7,84.0,197.77,121.92,2026-09-29
GICHSGFIN,135.72,-1.17,-7.18,-7.94,6.22,-16.36,3.1,127,0.64,-0.43,21.78,-14.04,45.2,84.0,164.43,126.54,2026-09-29
COCHINSHIP,1329.0,-3.49,-9.94,-9.88,11.52,-26.68,3.1,127,-1.67,-2.89,26.39,-20.87,39.3,84.0,1840.73,1185.67,2026-09-29
GVT&D,4203.0,-1.8,-5.69,-4.84,15.74,-23.86,18.1,127,6.14,-2.84,58.75,-20.56,46.4,84.0,5636.05,3617.55,2026-09-29
KRBL,382.95,-3.94,5.02,4.42,37.26,-13.42,74.6,126,13.18,12.2,37.44,-7.63,86.9,84.0,447.65,277.55,2026-09-29
SHIVAUM,544.2,6.67,41.21,35.76,71.56,5.66,100.0,125,26.07,26.72,45.08,-1.39,98.8,83.0,550.0,308.75,2026-09-29
BHARATSE,212.45,-0.77,6.07,4.64,51.85,-16.02,57.5,127,22.15,20.26,54.01,1.82,100.0,84.0,261.49,138.82,2026-09-29
ADSL,116.66,0.99,2.76,1.02,35.72,-15.5,55.6,126,0.66,-2.35,46.42,-23.87,42.2,83.0,142.88,85.07,2026-09-29
KNRCON,117.39,-2.39,-6.97,-6.4,4.06,-17.57,3.1,127,1.66,0.99,22.42,-12.96,57.1,84.0,145.03,110.31,2026-09-29
PARKHOTELS,103.57,-1.27,-11.9,-12.74,8.15,-21.09,0.8,127,0.97,-1.5,24.38,-14.48,38.1,84.0,133.86,94.43,2026-09-29
SARLAPOLY,97.7,-2.58,2.41,0.32,42.97,-6.96,52.8,127,13.93,10.22,40.84,-0.87,96.4,84.0,111.0,67.08,2026-09-29
KNAGRI,205.05,0.14,1.41,0.52,19.22,-9.23,53.6,125,7.54,7.06,29.19,-12.76,78.3,83.0,233.9,163.55,2026-09-29
OFSS,10800.0,0.28,7.53,-0.4,65.05,-13.88,49.6,127,35.59,26.71,71.07,-1.86,96.4,84.0,12540.0,6494.93,2026-09-29
HDFCAMC,2302.3,-3.18,-10.52,-11.34,6.15,-17.78,3.1,127,1.41,-1.48,22.33,-12.48,42.9,84.0,2838.4,2158.39,2026-09-29
GULFOILLUB,1110.5,0.35,11.85,10.43,29.75,-5.25,85.8,127,12.65,15.49,29.72,-11.39,88.1,84.0,1197.22,842.79,2026-09-29
BAJAJCON,480.05,-3.89,-6.78,-8.74,37.99,-28.38,24.4,127,21.0,13.07,80.38,-19.64,59.5,84.0,692.0,343.35,2026-09-29
TORNTPOWER,1237.2,-1.39,-12.07,-12.56,1.82,-29.96,3.1,127,-8.48,-10.43,8.97,-23.41,15.5,84.0,1817.8,1199.0,2026-09-29
NELCO,916.45,-6.15,14.32,3.41,81.35,-15.26,59.8,127,36.79,36.04,83.99,3.06,100.0,84.0,1120.0,499.37,2026-09-29
BALRAMCHIN,680.7,-0.74,18.55,22.66,43.76,-11.26,89.0,127,19.66,19.74,42.73,3.37,100.0,84.0,780.95,463.0,2026-09-29
SAATVIKGL,422.4,-1.18,-4.42,-5.03,12.01,-13.38,23.6,127,2.85,-4.48,37.91,-18.19,34.5,84.0,502.8,371.0,2026-09-29
EMSLIMITED,342.55,-3.48,-4.67,-6.82,32.37,-24.92,30.7,127,20.03,18.0,58.63,-17.69,90.5,84.0,462.79,255.05,2026-09-29
RPOWER,19.96,-2.97,-19.48,-19.48,-1.96,-34.02,0.0,127,-6.12,-15.12,27.41,-22.77,31.0,84.0,30.8,19.8,2026-09-29
RECLTD,303.25,-3.1,-10.86,-11.65,0.99,-19.63,0.8,127,0.3,-0.04,19.62,-15.58,50.0,84.0,381.34,299.26,2026-09-29
FLAIR,235.06,-1.06,-13.93,-10.94,1.37,-30.22,1.6,127,-15.28,-14.78,-3.22,-26.09,0.0,84.0,344.32,228.0,2026-09-29
MEDANTA,1433.4,-4.15,11.93,9.14,49.19,-5.0,81.6,125,20.74,20.5,36.7,8.25,100.0,83.0,1544.0,955.66,2026-09-29
INDOSTAR,210.85,-3.56,-9.85,-12.53,11.12,-23.24,15.7,127,16.96,20.8,41.6,-17.3,86.9,84.0,292.0,181.5,2026-09-29
VENTIVE,558.9,-1.09,-8.64,-9.77,1.82,-17.05,2.4,126,-3.43,-5.61,14.56,-14.96,37.3,83.0,697.9,542.6,2026-09-29
PRAJIND,311.95,-1.25,-9.55,-8.91,4.32,-24.06,3.9,127,-3.15,-3.83,16.02,-24.33,40.5,84.0,422.8,297.39,2026-09-29
NESCO,1086.4,1.5,-2.1,-0.16,7.83,-16.62,47.6,126,-4.78,-3.71,11.42,-19.63,34.5,84.0,1315.43,989.63,2026-09-29
LICI,400.65,-2.05,-1.36,-1.32,13.01,-9.57,40.2,127,5.65,5.68,21.76,-7.46,77.4,84.0,447.6,352.49,2026-09-29
NORTHARC,291.1,-3.26,2.84,0.8,40.73,-10.51,55.9,127,15.66,10.42,44.11,-8.17,88.1,84.0,334.0,206.0,2026-09-29
HIKAL,208.8,-4.04,1.42,-1.72,42.2,-15.13,44.1,127,16.18,13.45,50.52,-7.54,90.5,84.0,257.0,146.01,2026-09-29
ITC,265.2,-1.41,-6.4,-6.98,3.8,-13.86,9.4,127,-5.23,-5.89,3.8,-11.54,15.5,84.0,309.47,255.5,2026-09-29
J&KBANK,142.25,-2.64,-3.06,-3.81,29.31,-26.16,33.1,127,19.75,19.77,56.35,-10.89,79.8,84.0,201.75,109.33,2026-09-29
ONEPOINT,69.43,-0.24,22.62,21.79,67.75,-0.24,99.2,127,8.59,3.34,38.49,-13.94,58.3,84.0,72.4,40.58,2026-09-29
KOTHARIPET,130.84,-2.01,0.63,-0.52,38.54,-13.14,45.6,125,9.05,7.8,31.43,-7.75,90.4,83.0,155.47,94.08,2026-09-29
TITAN,4819.5,-1.32,6.28,7.33,22.37,-6.77,66.1,127,12.18,10.83,27.27,-2.75,94.0,84.0,5186.7,3901.3,2026-09-29
JLHL,263.85,-0.68,-4.96,-3.98,10.03,-20.62,31.5,127,13.87,12.94,35.68,-4.77,95.2,84.0,340.0,235.42,2026-09-29
SAMHI,150.16,-5.67,-7.47,-7.34,17.18,-19.3,8.7,127,7.28,8.73,37.68,-14.89,66.7,84.0,188.23,127.0,2026-09-29
TEXRAIL,123.14,-2.01,14.03,13.65,57.27,-2.86,96.9,127,10.01,8.43,36.62,-14.51,79.8,84.0,129.92,77.55,2026-09-29
COHANCE,453.3,-1.3,6.44,3.03,50.82,-8.11,74.0,127,17.95,8.14,54.51,-13.69,78.6,84.0,514.9,292.5,2026-09-29
TRIDENT,22.93,-0.82,-7.13,-7.02,3.98,-14.44,0.8,127,1.23,0.08,18.44,-12.59,51.2,84.0,27.34,21.86,2026-09-29
TATAELXSI,3191.0,0.13,-17.01,-16.68,0.23,-30.16,1.6,127,-11.41,-12.22,3.73,-24.23,4.8,84.0,4669.85,3144.0,2026-09-29
EIDPARRY,706.45,0.24,-8.6,-9.19,2.45,-19.03,7.9,126,-4.85,-6.74,7.85,-14.14,20.2,84.0,913.9,682.75,2026-09-29
TTKPRESTIG,513.85,-2.01,-6.94,-4.63,21.16,-26.04,19.7,127,17.27,15.27,45.63,-12.82,89.3,84.0,734.97,418.48,2026-09-29
SHRINGARMS,218.04,1.86,2.42,1.46,30.65,-6.74,61.4,127,9.22,8.1,31.63,-3.61,83.3,84.0,242.0,166.0,2026-09-29
ASTRAL,1370.5,-2.04,-7.88,-9.86,4.22,-15.84,8.7,127,-6.88,-6.54,7.18,-18.17,8.3,84.0,1658.89,1309.54,2026-09-29
NESTLEIND,1346.0,-1.22,-4.35,-5.33,15.12,-12.6,10.2,127,8.02,4.44,23.12,-3.22,85.7,84.0,1553.0,1153.85,2026-09-29
JSL,745.7,-0.34,2.69,2.24,13.13,-5.2,75.6,127,-1.16,-2.79,18.84,-10.14,28.6,84.0,798.45,649.53,2026-09-29
BOMDYEING,107.39,-2.22,-9.49,-10.62,16.22,-21.96,6.3,127,4.97,4.34,43.85,-20.05,51.2,84.0,140.53,91.69,2026-09-29
63MOONS,818.6,-4.55,15.72,15.38,74.46,-11.91,78.7,127,22.72,24.32,41.81,-0.87,98.8,84.0,955.73,465.92,2026-09-29
ESTER,85.23,-1.06,-6.21,-6.05,20.95,-18.2,4.8,126,0.11,-0.96,27.17,-14.86,38.6,83.0,107.59,68.35,2026-09-29
WINDLAS,1102.55,-0.0,25.97,29.22,50.78,-4.52,90.5,126,16.41,13.31,42.9,-3.02,90.5,84.0,1181.9,719.56,2026-09-29
BLUEJET,557.3,-2.34,10.52,5.85,70.65,-10.82,52.8,127,32.76,31.97,61.98,8.11,100.0,84.0,646.45,324.32,2026-09-29
JTEKTINDIA,116.21,-1.58,-10.86,-11.52,0.73,-23.13,0.8,127,0.73,1.0,21.25,-14.97,56.0,84.0,158.65,114.82,2026-09-29
GRINDWELL,1918.2,-2.76,2.04,-2.36,43.11,-19.48,43.7,126,23.03,25.68,62.64,-10.72,83.3,84.0,2455.0,1328.89,2026-09-29
VIJAYA,1501.4,-0.81,16.74,12.25,74.54,-4.41,90.6,127,27.31,21.92,57.16,3.72,100.0,84.0,1593.6,846.83,2026-09-29
TECHNOE,981.85,-2.42,-7.57,-5.68,3.29,-27.97,18.9,127,-9.38,-7.43,10.37,-27.31,14.3,84.0,1373.99,934.81,2026-09-29
RAYMONDLSL,672.0,-2.27,-9.51,-9.61,5.47,-18.78,8.7,127,-6.68,-7.75,9.4,-21.06,21.4,84.0,843.34,628.25,2026-09-29
STYLEBAAZA,394.5,4.98,16.69,16.37,49.12,-10.26,80.3,127,7.16,11.47,48.34,-31.93,69.0,84.0,447.1,252.7,2026-09-29
WALCHANNAG,203.03,-3.77,-9.83,-13.0,54.22,-34.94,15.7,127,20.7,-1.66,119.23,-35.04,47.6,84.0,315.8,131.15,2026-09-29
KSB,801.25,-2.18,-6.27,-4.91,4.76,-19.48,15.0,127,0.17,-2.04,21.67,-15.32,42.9,84.0,1023.25,750.0,2026-09-29
CYIENT,1082.3,-1.13,19.22,22.13,43.76,-7.87,92.9,127,6.14,2.41,29.6,-12.79,58.3,84.0,1219.0,750.3,2026-09-29
MAXIND,155.35,4.65,-1.48,-1.42,26.46,-16.01,40.8,125,3.26,5.35,32.19,-16.89,56.6,83.0,189.13,120.0,2026-09-29
TIINDIA,2459.0,-2.07,-14.36,-14.93,-2.07,-25.62,0.0,127,1.0,-4.02,33.87,-22.6,42.9,84.0,3333.38,2443.9,2026-09-29
SOMANYCERA,620.05,0.32,24.45,21.43,75.83,0.32,100.0,126,20.23,15.64,50.79,-1.55,96.4,84.0,627.3,348.24,2026-09-29
DATAPATTNS,4276.8,-3.21,1.79,-2.37,41.21,-13.29,44.9,127,19.98,15.88,58.37,-9.19,88.1,84.0,5000.0,2893.79,2026-09-29
EMUDHRA,649.25,-0.64,33.14,36.24,74.02,-1.93,96.8,126,10.99,11.67,49.61,-10.52,76.2,84.0,681.6,363.56,2026-09-29
PHOENIXLTD,1952.2,-1.32,5.15,3.69,29.77,-9.25,79.4,126,12.75,10.3,35.45,-1.72,96.4,84.0,2166.93,1464.26,2026-09-29
APARINDS,17263.0,-2.89,22.67,23.12,77.23,-8.88,84.3,127,32.41,30.2,75.3,2.72,100.0,84.0,19265.0,9266.33,2026-09-29
KIMS,766.45,-1.76,1.34,-1.24,23.32,-9.9,39.4,127,12.22,13.96,35.83,-4.84,83.3,84.0,858.0,610.8,2026-09-29
SIGNATURE,780.35,-1.08,-2.81,-2.58,9.26,-13.8,27.2,125,-2.94,-3.23,9.15,-12.03,27.7,83.0,928.0,705.2,2026-09-29
DIAMONDYD,1066.2,-0.45,-2.43,-4.87,12.38,-13.09,30.4,125,13.48,16.76,26.16,-5.7,79.5,83.0,1244.43,897.69,2026-09-29
MAZDOCK,2138.0,-2.8,-12.8,-13.05,3.71,-22.67,0.8,127,-0.7,1.35,20.89,-16.68,54.8,84.0,2804.94,2053.69,2026-09-29
IIFL,598.15,-3.05,13.45,13.26,42.64,-14.11,69.3,127,22.96,21.34,46.92,2.16,100.0,84.0,705.0,409.1,2026-09-29
FEDERALBNK,325.0,0.93,2.47,0.28,25.72,-12.27,50.4,127,17.39,19.8,28.55,-0.29,98.8,84.0,370.43,255.63,2026-09-29
CIFL,21.73,-1.41,-6.12,-4.98,11.26,-27.88,37.6,125,-14.94,-16.96,13.21,-28.91,12.0,83.0,31.5,18.56,2026-09-29
CORONA,2053.3,-3.04,9.53,4.33,39.04,-8.17,61.9,126,21.9,22.42,36.68,4.29,100.0,84.0,2292.4,1364.83,2026-09-29
FINCABLES,1408.1,-3.61,31.04,34.36,82.63,-4.86,93.7,127,20.18,21.32,51.86,-10.22,86.9,84.0,1498.0,760.09,2026-09-29
TNPETRO,124.99,-5.97,29.09,34.35,58.13,-9.13,85.8,127,20.96,16.47,61.84,0.23,100.0,84.0,145.26,78.62,2026-09-29
NIVABUPA,75.73,-1.89,-7.69,-8.68,7.86,-14.29,7.1,126,7.61,8.9,26.9,-10.51,66.7,84.0,91.4,68.37,2026-09-29
AVTNPL,86.61,-6.45,19.91,23.85,60.69,-11.86,81.7,126,18.79,19.49,42.31,-0.44,98.8,84.0,102.0,53.16,2026-09-29
APLLTD,854.35,-1.09,10.13,8.71,32.18,-1.09,99.2,127,11.38,10.93,27.4,2.69,100.0,84.0,870.0,635.06,2026-09-29
BOROSCI,114.13,-1.23,-14.85,-14.45,10.66,-34.23,7.9,127,18.74,31.75,68.24,-34.14,65.5,84.0,180.8,96.64,2026-09-29
TEXINFRA,116.56,-1.43,9.79,7.46,21.84,-5.6,96.0,126,13.7,14.22,23.63,4.35,100.0,84.0,126.59,93.13,2026-09-29
SUNFLAG,449.2,9.39,34.36,28.55,132.1,8.33,100.0,127,23.73,20.26,75.66,-14.83,64.3,84.0,451.7,191.59,2026-09-29
IREDA,114.82,1.41,-5.53,-5.36,6.62,-17.7,22.0,127,-3.41,-7.93,19.03,-14.79,32.1,84.0,141.9,107.36,2026-09-29
CHOICEIN,756.9,0.78,3.3,2.39,24.06,-10.4,57.1,126,14.26,14.93,26.12,-5.54,92.9,84.0,854.3,605.8,2026-09-29
JMFINANCIL,125.25,-1.9,-1.57,-1.54,11.94,-12.44,31.5,127,-0.19,0.19,12.71,-13.89,51.2,84.0,144.97,110.31,2026-09-29
YATRA,101.67,-2.09,-5.18,-6.22,12.49,-17.79,22.8,127,5.57,7.0,24.62,-18.36,65.5,84.0,129.0,89.9,2026-09-29
DPSCLTD,6.99,0.29,-11.38,-6.68,0.29,-32.92,0.8,125,-13.73,-12.7,4.94,-28.69,6.0,83.0,10.54,6.72,2026-09-29
KIRLPNU,678.65,-1.92,-10.06,-10.48,31.11,-34.81,12.7,126,19.45,0.22,100.8,-31.37,50.6,83.0,1093.54,514.99,2026-09-29
BAJAJHCARE,336.6,-2.19,4.73,3.97,22.98,-12.53,82.7,127,5.68,6.1,21.56,-8.54,76.2,84.0,392.23,271.12,2026-09-29
ESCORTS,2740.7,-4.03,-7.57,-7.22,1.73,-17.51,6.3,127,-1.24,-1.04,10.91,-19.31,47.6,84.0,3369.87,2669.79,2026-09-29
ARIHANT,914.05,2.13,76.14,2.33,2205.3,-20.49,64.1,117,187.15,15.13,1959.65,-5.16,90.9,55.0,1225.0,39.65,2026-09-29
TCIEXP,486.0,-3.1,-8.38,-8.88,5.31,-21.06,3.2,126,4.39,5.31,30.52,-17.88,79.8,84.0,625.0,452.0,2026-09-29
SPECIALITY,150.89,-1.22,26.53,19.21,80.96,-4.15,96.0,126,28.17,28.95,58.7,1.32,100.0,84.0,166.23,82.09,2026-09-29
SHANTIGEAR,633.3,-4.99,36.03,42.93,63.79,-12.7,88.1,126,9.69,-0.03,65.54,-14.04,50.0,84.0,743.0,384.0,2026-09-29
INOXWIND,72.0,-3.68,-14.14,-12.96,3.6,-32.78,3.1,127,-10.27,-15.71,21.98,-26.68,26.2,84.0,108.27,68.0,2026-09-29
JIOFIN,220.5,-2.86,-7.87,-7.51,-1.38,-16.6,0.0,127,0.47,0.62,10.89,-7.25,56.0,84.0,267.57,218.8,2026-09-29
FEDDERSHOL,61.89,-0.67,29.72,28.94,55.42,-7.93,86.2,29,,,,,,,72.77,39.0,2026-09-29
CENTRUM,20.85,-1.84,-11.74,-11.24,-1.0,-26.89,0.0,127,-3.23,-2.53,13.08,-30.3,40.5,84.0,31.5,20.51,2026-09-29
SHARDAMOTR,945.1,-1.18,11.71,11.1,36.36,-4.12,95.2,126,6.54,4.92,23.43,-5.6,78.3,83.0,1024.95,685.24,2026-09-29
UNIPARTS,837.1,-1.19,29.66,26.75,91.12,-7.21,84.3,127,40.58,39.65,54.79,24.63,100.0,84.0,915.95,428.22,2026-09-29
JAGRAN,62.05,-0.96,0.95,-0.06,16.5,-9.02,49.6,127,7.9,8.09,25.42,-10.22,75.0,84.0,68.81,52.33,2026-09-29
POLICYBZR,1151.3,-1.26,-29.9,-29.66,-1.26,-38.97,0.0,127,4.77,6.34,21.95,-29.07,70.2,84.0,1904.9,1115.0,2026-09-29
GMMPFAUDLR,1480.1,-1.67,64.31,70.24,100.74,-1.8,98.4,127,15.47,-1.07,87.31,-17.29,46.4,84.0,1533.6,734.12,2026-09-29
POONAWALLA,445.15,-3.55,1.75,0.72,20.83,-11.45,51.2,127,11.51,12.8,25.13,-9.56,86.9,84.0,511.9,361.2,2026-09-29
LAOPALA,155.88,-3.05,-10.19,-10.48,-0.08,-18.33,0.0,127,0.39,2.37,13.5,-11.6,59.5,84.0,204.39,155.0,2026-09-29
MICEL,35.38,-1.99,-9.9,-9.02,18.05,-35.75,9.5,126,-2.39,-11.12,36.35,-32.67,30.1,83.0,57.6,29.97,2026-09-29
CIEINDIA,383.35,-1.91,-12.17,-15.44,2.23,-21.27,4.8,126,-7.45,-10.67,9.08,-20.1,21.4,84.0,504.0,366.9,2026-09-29
GREENPLY,279.75,-2.61,2.49,-2.3,55.42,-14.99,37.0,127,25.64,14.94,66.77,-6.8,90.5,84.0,333.82,176.11,2026-09-29
SIEMENS,3785.5,-2.36,2.43,2.21,29.61,-7.98,58.3,127,8.55,8.73,26.09,-5.07,85.7,84.0,4149.4,2891.79,2026-09-29
HDFCBANK,719.05,-2.25,-4.56,-3.9,4.65,-13.35,11.0,127,-2.64,-3.62,11.01,-14.08,26.2,84.0,843.0,681.9,2026-09-29
KITEX,116.13,-1.32,-20.83,-24.14,0.01,-32.35,0.8,127,-12.29,-13.34,12.6,-27.88,16.7,84.0,177.03,114.49,2026-09-29
SULA,133.5,-1.21,-13.56,-13.72,-0.48,-24.57,0.0,127,-5.71,-6.01,12.42,-15.49,17.9,84.0,181.65,132.0,2026-09-29
VENUSPIPES,2132.6,-1.41,40.11,36.03,138.62,-6.58,95.2,126,36.83,33.2,93.57,7.82,100.0,84.0,2347.9,889.72,2026-09-29
IRCTC,453.5,-1.13,-10.92,-11.3,0.23,-20.74,0.8,127,-6.69,-7.5,2.24,-12.89,6.0,84.0,580.68,446.03,2026-09-29
RAILTEL,256.15,-1.54,-13.64,-14.87,4.54,-26.12,2.4,127,-3.34,-10.78,27.71,-21.76,35.7,84.0,352.35,243.93,2026-09-29
SURYODAY,144.99,-2.77,-8.76,-9.98,23.06,-25.38,13.5,126,12.58,6.68,47.84,-15.87,57.1,84.0,218.0,117.34,2026-09-29
PGHH,6888.5,-2.12,-21.92,-22.83,-2.12,-33.45,0.0,127,-13.29,-14.37,-1.29,-21.39,0.0,84.0,10469.68,6875.0,2026-09-29
GRWRHITECH,6653.5,0.2,15.5,0.67,97.07,-10.04,51.2,127,49.06,47.77,104.24,-7.21,90.5,84.0,7975.48,3235.11,2026-09-29
ADANIPORTS,1743.7,-2.48,1.87,-0.92,33.4,-7.41,48.0,127,10.96,1.82,40.76,-10.3,52.4,84.0,1891.1,1301.61,2026-09-29
PREMIERENE,906.0,1.07,-10.61,-11.34,2.95,-18.9,4.7,127,7.1,3.58,54.32,-16.8,65.5,84.0,1134.0,873.71,2026-09-29
GALAPREC,1140.2,-0.73,19.6,11.67,62.32,-7.6,83.5,127,30.88,26.33,72.27,-11.14,91.7,84.0,1260.0,695.95,2026-09-29
OMNI,525.85,-1.52,11.33,4.09,114.43,-28.22,55.1,127,57.4,48.54,165.7,2.2,100.0,83.0,764.85,236.61,2026-09-29
SWIGGY,256.0,-3.34,-4.37,-5.41,7.23,-13.49,25.2,127,0.43,3.31,16.69,-19.93,54.8,84.0,305.0,235.75,2026-09-29
ASTRAZEN,6280.0,-3.46,-20.61,-23.11,-3.46,-29.62,0.0,127,-7.51,-5.15,6.17,-22.13,23.8,84.0,9109.31,6262.0,2026-09-29
MIDWESTLTD,899.9,-3.18,-25.57,-27.77,-3.18,-35.16,0.0,126,-6.24,-4.97,14.29,-27.93,33.3,84.0,1430.0,892.3,2026-09-29
CHALET,868.95,-1.41,7.07,6.75,23.87,-4.66,84.3,127,9.34,8.91,21.06,-6.36,96.4,84.0,938.88,690.56,2026-09-29
PCBL,332.55,-2.08,10.16,7.11,39.36,-7.8,92.9,127,14.12,12.69,34.35,1.71,100.0,84.0,368.85,236.7,2026-09-29
ADANIPOWER,196.14,-3.26,-7.19,-8.54,30.39,-21.2,8.7,127,12.52,-2.9,68.71,-16.76,44.0,84.0,254.2,149.2,2026-09-29
VAKRANGEE,5.18,-1.71,-15.36,-15.08,10.68,-29.72,1.6,126,-5.22,-9.15,30.34,-19.27,27.7,83.0,7.56,4.61,2026-09-29
TIIL,2929.4,-2.46,10.64,14.47,34.98,-15.21,75.4,126,16.93,17.84,37.57,-2.13,98.8,84.0,3565.3,2055.7,2026-09-29
ASKAUTOLTD,650.35,0.81,30.87,40.9,54.35,-4.19,92.9,127,25.13,19.64,54.29,1.01,100.0,84.0,687.7,416.93,2026-09-29
WEBELSOLAR,71.75,-2.02,-22.31,-27.62,10.99,-41.09,2.4,127,8.15,-14.81,110.13,-32.71,42.9,84.0,127.89,63.49,2026-09-29
DHANBANK,28.23,-3.68,-9.57,-12.38,43.74,-22.06,14.2,127,17.3,5.81,65.03,-15.54,65.5,84.0,36.85,19.45,2026-09-29
AUTOAXLES,1689.2,-1.2,-2.66,-3.18,11.09,-12.89,24.6,126,1.32,1.71,15.28,-14.47,63.9,83.0,1974.3,1513.85,2026-09-29
JKIL,461.25,-2.6,-5.46,-5.58,8.76,-10.73,5.5,127,0.33,-0.68,15.19,-7.88,45.2,84.0,544.29,421.43,2026-09-29
INDIASHLTR,647.3,-1.07,-12.51,-14.86,2.93,-21.92,3.2,125,-4.85,-9.08,18.0,-22.13,42.2,83.0,846.83,620.15,2026-09-29
RITES,196.11,-1.61,-6.35,-6.68,13.84,-15.08,4.7,127,5.01,5.24,23.11,-4.43,72.6,84.0,239.91,171.65,2026-09-29
CHOLAHLDNG,1390.4,-0.73,-11.07,-11.32,1.92,-21.86,1.6,127,0.18,-2.88,21.67,-15.49,35.7,84.0,1808.47,1326.45,2026-09-29
KRISHNADEF,995.8,-1.09,-10.83,-11.87,23.76,-27.25,7.9,127,10.9,5.55,63.35,-24.2,57.1,84.0,1398.64,788.13,2026-09-29
VESUVIUS,385.4,-0.95,-15.41,-16.56,-0.95,-27.19,0.0,127,-7.1,-8.24,7.13,-17.13,16.7,84.0,541.5,383.0,2026-09-29
PTL,37.9,-0.89,-2.68,-2.4,7.24,-10.02,11.8,127,3.36,1.49,17.66,-9.07,73.8,84.0,42.7,35.22,2026-09-29
SUDARSCHEM,1199.6,-1.58,22.55,25.96,61.18,-5.6,81.0,126,23.31,20.1,48.99,-1.47,98.8,84.0,1347.0,723.17,2026-09-29
BSE,3097.5,-2.95,-13.7,-14.08,15.73,-29.47,3.9,127,5.15,-2.71,50.98,-24.79,47.6,84.0,4435.12,2669.57,2026-09-29
MBEL,251.85,-2.27,-13.97,-15.12,11.64,-25.39,1.6,127,-2.68,-6.83,37.18,-18.99,29.8,84.0,345.36,222.21,2026-09-29
MSPL,32.99,-2.19,-11.05,-8.6,24.73,-26.28,3.2,126,4.72,-1.27,59.54,-25.63,50.0,84.0,46.12,26.25,2026-09-29
KERNEX,1713.8,1.2,2.58,-4.85,99.98,-32.77,38.6,127,58.87,70.0,152.03,-21.64,75.0,84.0,2580.0,850.0,2026-09-29
CONCOR,450.0,-2.49,-7.87,-9.69,6.34,-15.51,8.7,127,2.96,2.35,14.86,-6.65,61.9,84.0,542.62,421.37,2026-09-29
NIACL,169.84,-3.83,0.13,-2.85,45.34,-26.54,44.9,127,20.02,12.77,70.16,-11.32,92.9,84.0,242.6,116.01,2026-09-29
SRF,2491.5,-1.91,-5.02,-5.0,4.18,-15.07,13.4,127,2.65,3.37,18.94,-10.35,53.6,84.0,2964.37,2350.53,2026-09-29
BLACKBUCK,601.2,0.38,6.32,5.57,20.19,-5.22,82.7,127,2.34,-0.39,26.81,-13.61,48.8,84.0,659.7,496.0,2026-09-29
ICICIPRULI,458.7,-0.93,-9.21,-9.42,0.24,-18.86,0.8,127,-6.13,-5.19,6.19,-23.96,10.7,84.0,582.73,445.35,2026-09-29
USHAMART,508.0,-2.08,5.84,3.41,30.75,-5.06,87.4,127,11.47,11.39,26.94,-3.45,92.9,84.0,542.6,386.1,2026-09-29
IRCON,103.25,-2.55,-20.79,-21.2,-2.55,-35.59,0.0,127,-8.05,-11.97,20.73,-22.89,23.8,84.0,163.34,102.82,2026-09-29
NEOGEN,2396.3,0.47,27.49,20.16,115.6,-3.7,99.2,127,35.0,28.42,82.1,11.02,100.0,84.0,2499.7,1100.67,2026-09-29
SEIL,190.06,-0.98,-4.6,-5.05,2.85,-10.21,6.9,29,,,,,,,215.6,178.4,2026-09-29
TIMETECHNO,183.44,1.23,0.18,0.47,16.76,-14.51,55.9,127,6.56,7.68,20.32,-3.79,84.5,84.0,215.39,156.27,2026-09-29
IRB,17.14,-3.05,-15.8,-15.74,-3.05,-24.59,0.0,127,-5.88,-6.66,8.1,-20.56,19.0,84.0,23.84,17.07,2026-09-29
EMAMILTD,388.75,-0.13,-4.35,-3.79,6.9,-17.85,16.5,127,-5.35,-5.77,5.46,-17.2,15.5,84.0,477.0,361.15,2026-09-29
MEIL,269.35,-0.54,-7.81,-9.77,29.16,-22.28,12.8,125,4.65,-6.5,45.65,-19.45,39.8,83.0,355.3,206.26,2026-09-29
DMCC,302.8,-0.84,12.84,11.02,54.62,-5.34,92.9,126,8.76,11.53,32.31,-13.3,72.6,84.0,330.0,189.68,2026-09-29
AJANTPHARM,3525.2,-0.64,10.4,7.56,31.32,-5.19,81.1,127,15.28,16.89,28.09,-0.91,97.6,84.0,3796.0,2672.12,2026-09-29
HIRECT,1179.4,-2.76,10.18,3.61,78.86,-11.85,57.9,126,35.74,40.24,75.61,-0.7,98.8,83.0,1397.54,643.03,2026-09-29
HBLENGINE,785.65,-2.52,4.93,3.7,27.97,-7.95,69.3,127,-0.1,-6.51,32.12,-18.56,34.5,84.0,873.79,612.15,2026-09-29
RHIM,386.6,0.04,0.4,0.72,15.19,-8.07,55.6,126,0.6,0.35,14.21,-10.64,51.2,84.0,440.87,320.92,2026-09-29
ASIANHOTNR,372.0,-5.67,18.97,23.38,29.71,-8.32,85.7,126,8.94,3.83,34.68,-3.84,79.8,84.0,423.8,277.85,2026-09-29
HITECH,73.34,-0.35,-13.06,-14.3,3.4,-23.19,0.8,127,-1.56,-5.44,31.34,-21.85,36.9,84.0,97.17,70.14,2026-09-29
UNITECH,3.95,-3.42,-11.72,-14.13,25.0,-26.99,7.9,127,-5.14,-10.39,49.37,-27.17,27.4,84.0,5.68,3.1,2026-09-29
SKIPPER,535.65,-2.81,5.75,0.31,60.23,-11.42,52.4,126,26.54,17.48,67.33,-6.61,90.5,84.0,616.8,330.35,2026-09-29
SWARAJENG,3552.5,0.19,-3.39,-2.52,10.32,-11.04,11.1,126,0.45,-2.18,20.81,-8.45,35.7,84.0,4276.21,3212.8,2026-09-29
GODREJAGRO,642.5,-2.33,10.82,13.51,22.5,-4.96,85.0,127,3.39,0.12,22.98,-7.79,50.0,84.0,698.4,520.68,2026-09-29
PANAMAPET,467.35,-1.28,25.03,12.0,102.62,-13.79,69.8,126,49.91,55.11,96.11,-3.69,97.6,84.0,595.87,227.58,2026-09-29
PWL,128.07,-4.68,9.23,6.19,46.7,-15.4,77.2,127,23.45,20.43,56.59,2.87,100.0,84.0,159.43,85.5,2026-09-29
GREENPOWER,8.81,-1.67,-14.22,-13.29,9.58,-30.85,0.8,127,-4.27,-13.66,29.73,-22.37,34.5,84.0,13.45,7.98,2026-09-29
PRUDENT,3171.3,2.37,7.9,7.36,45.99,-13.69,67.5,126,20.78,21.64,42.42,0.56,100.0,84.0,4105.5,2147.37,2026-09-29
KMEW,2876.9,0.41,30.14,27.43,96.21,-8.68,87.4,127,37.13,35.97,68.62,14.59,100.0,84.0,3175.0,1453.1,2026-09-29
GANDHITUBE,952.5,-1.45,10.51,11.18,27.76,-5.05,96.0,125,5.51,5.23,19.34,-5.3,86.7,83.0,1046.6,736.52,2026-09-29
PICCADIL,600.5,-2.04,-3.5,-0.98,16.27,-23.33,44.9,127,13.24,10.14,31.68,1.32,100.0,84.0,808.35,514.14,2026-09-29
WSTCSTPAPR,722.35,-1.3,34.17,39.38,78.51,-5.98,95.3,127,25.36,23.5,51.64,4.86,100.0,84.0,777.0,399.74,2026-09-29
BAJAJELEC,314.65,-1.35,-7.94,-5.85,4.52,-24.07,9.4,127,-5.56,-7.01,12.66,-20.44,32.1,84.0,428.69,298.31,2026-09-29
GMRAIRPORT,94.75,-3.27,-6.13,-4.51,11.8,-17.59,11.8,127,7.96,7.79,32.26,-15.42,73.8,84.0,115.64,84.11,2026-09-29
DVL,281.9,-2.71,13.02,16.11,51.24,-5.47,83.3,126,11.68,12.68,26.69,-4.21,83.3,84.0,307.26,186.0,2026-09-29
GIPCL,182.22,-1.95,13.71,15.09,53.98,-10.59,81.1,127,17.43,19.63,34.75,0.38,100.0,84.0,207.4,117.46,2026-09-29
HAVELLS,1085.0,-1.05,-9.95,-9.72,-0.18,-19.15,0.0,127,-2.72,-3.05,9.26,-16.2,36.9,84.0,1403.7,1074.5,2026-09-29
STEL,608.7,-1.71,14.5,9.88,44.11,-8.27,83.5,127,20.46,18.92,49.73,-5.5,92.9,84.0,689.95,415.7,2026-09-29
KILITCH,217.05,-3.22,26.48,19.9,74.41,-3.22,97.6,125,17.09,18.07,56.47,-13.98,83.1,83.0,232.5,117.25,2026-09-29
PILANIINVS,3997.5,-0.44,-9.24,-8.85,-0.24,-18.72,0.0,125,-4.3,-4.38,4.67,-11.23,22.9,83.0,5029.13,3942.8,2026-09-29
VENKEYS,1632.8,-1.21,8.25,8.63,40.28,-8.64,81.9,127,7.75,7.57,29.04,-11.38,71.4,84.0,1814.9,1158.17,2026-09-29
SIKA,1021.35,-2.31,-0.32,-0.01,4.78,-5.91,48.3,29,,,,,,,1111.0,962.5,2026-09-29
INFY,1003.2,0.3,-10.93,-11.52,1.82,-23.87,2.4,127,-7.07,-6.47,9.63,-21.09,17.9,84.0,1347.74,982.4,2026-09-29
PANACEABIO,366.45,-1.65,-12.31,-9.79,23.78,-39.7,15.0,127,22.47,13.89,91.13,-35.52,64.3,84.0,647.0,292.4,2026-09-29
UJJIVANSFB,63.09,-2.5,3.21,2.8,24.91,-12.94,57.5,127,15.27,14.25,37.3,-4.94,92.9,84.0,73.94,50.18,2026-09-29
MPHASIS,2237.5,0.16,-1.91,-1.57,11.91,-12.08,37.0,127,7.06,6.01,25.44,-2.66,92.9,84.0,2556.9,1960.44,2026-09-29
EIMCOELECO,2268.9,-1.42,27.42,28.95,59.21,-2.43,93.6,125,21.32,17.47,50.96,-2.29,92.8,83.0,2348.8,1401.82,2026-09-29
VGUARD,307.25,0.95,-2.74,-2.82,6.16,-11.29,33.3,126,-0.3,-3.06,15.92,-12.51,41.7,84.0,350.0,287.43,2026-09-29
LINDEINDIA,6191.0,0.79,-10.55,-11.82,1.83,-20.97,3.1,127,-5.27,-6.6,9.6,-16.2,15.5,84.0,8035.37,6024.5,2026-09-29
SUNDROP,740.2,-0.74,12.51,12.45,31.98,-2.12,96.8,125,2.98,1.74,15.2,-5.81,65.1,83.0,775.0,556.0,2026-09-29
LENSKART,655.2,-3.68,18.57,22.01,39.63,-7.35,81.9,127,15.27,9.64,38.74,-2.71,83.3,84.0,725.0,458.75,2026-09-29
DOLPHIN,648.0,-5.74,47.65,60.14,79.63,-10.53,88.2,127,21.48,0.07,91.39,-18.2,50.0,84.0,749.5,358.45,2026-09-29
WINDMACHIN,300.25,0.25,2.01,-0.03,46.07,-8.59,49.6,127,12.34,7.91,48.41,-12.64,65.5,84.0,343.9,200.65,2026-09-29
GAEL,160.47,-2.07,0.58,0.18,18.3,-12.33,51.2,127,8.53,7.96,25.96,-10.21,85.7,84.0,184.66,129.77,2026-09-29
CARYSIL,1038.3,-2.45,-1.91,-7.85,38.17,-16.83,27.6,127,24.45,28.45,59.04,-12.38,84.5,84.0,1277.59,747.86,2026-09-29
SJVN,61.06,-1.13,-13.11,-13.02,-1.13,-24.95,0.0,127,-5.7,-9.93,15.47,-17.29,28.6,84.0,82.56,60.55,2026-09-29
SJS,2261.7,-2.41,7.66,3.49,46.07,-11.71,63.5,126,25.72,26.63,48.19,2.42,100.0,84.0,2590.0,1522.83,2026-09-29
EBGNG,672.15,0.47,34.14,26.34,90.92,-6.01,92.1,127,39.06,36.58,83.38,4.9,100.0,84.0,730.0,345.15,2026-09-29
PFC,330.0,-2.37,-17.68,-20.2,-1.87,-30.06,0.0,127,-7.45,-12.02,11.84,-20.68,29.8,84.0,476.83,329.05,2026-09-29
WIPRO,161.56,-1.5,-11.9,-11.08,-1.27,-22.28,0.0,127,-8.08,-7.8,4.42,-16.73,3.6,84.0,210.58,160.97,2026-09-29
BBTC,1415.7,-1.36,-5.43,-5.69,7.09,-12.26,3.2,126,-0.45,-1.03,16.97,-8.45,36.1,83.0,1639.0,1314.6,2026-09-29
JUSTDIAL,658.95,-1.97,10.7,19.61,34.29,-18.05,59.1,127,21.25,25.07,47.83,-4.48,90.5,84.0,838.3,480.5,2026-09-29
DELTACORP,72.2,-6.04,13.78,14.13,47.55,-10.78,88.2,127,-0.32,-8.41,31.91,-25.55,46.4,84.0,85.69,47.9,2026-09-29
VEEDOL,1364.1,-2.1,-4.01,-4.0,11.15,-10.92,8.7,127,4.41,4.73,16.25,-6.83,75.0,84.0,1565.0,1219.4,2026-09-29
MANGLMCEM,1000.5,-2.73,8.57,8.76,30.71,-8.9,81.0,126,11.48,9.21,30.86,-1.57,92.9,84.0,1120.0,753.75,2026-09-29
LATENTVIEW,241.6,-0.88,-16.85,-18.56,-0.88,-26.0,0.0,127,-3.63,-2.25,19.95,-18.18,39.3,84.0,340.85,240.5,2026-09-29
JPOLYINVST,911.5,-4.76,-13.33,-14.16,-3.66,-22.7,0.0,125,-5.44,-5.68,9.4,-21.23,20.5,83.0,1226.9,903.0,2026-09-29
MINDTECK,153.62,-1.87,-19.03,-23.11,5.4,-29.78,0.8,126,-2.22,-6.13,38.86,-26.84,38.1,84.0,229.99,144.37,2026-09-29
GANESHCP,156.36,-2.24,-13.91,-16.71,-1.72,-27.56,0.0,126,-4.82,-12.1,29.03,-26.19,28.6,84.0,223.51,154.5,2026-09-29
PRSMJOHNSN,115.15,-1.0,-1.78,-1.82,9.82,-14.49,40.5,126,-9.12,-6.81,-1.37,-21.66,0.0,84.0,143.44,97.1,2026-09-29
NDTV,69.11,-1.38,-10.46,-10.69,16.58,-20.35,1.6,127,0.4,-2.01,35.61,-14.59,40.5,84.0,91.0,58.75,2026-09-29
KPIGREEN,357.35,5.18,-5.41,-10.26,29.47,-26.72,27.6,127,-11.35,-14.51,19.4,-32.62,27.4,84.0,506.67,271.56,2026-09-29
SURAKSHA,347.05,1.09,21.99,23.61,52.25,-2.51,96.8,125,6.15,5.81,31.05,-14.61,67.5,83.0,360.0,224.1,2026-09-29
JINDALPHOT,1051.0,-0.7,-2.41,-1.9,7.06,-13.2,29.4,126,-0.8,-0.69,23.34,-11.46,46.4,84.0,1248.0,971.1,2026-09-29
CANFINHOME,737.6,-2.08,-11.59,-11.07,-0.75,-20.96,0.0,127,-1.27,-2.11,13.88,-15.37,38.1,84.0,940.85,735.0,2026-09-29
INDHOTEL,711.0,-2.17,3.09,-0.97,25.08,-5.49,45.7,127,11.96,11.39,25.85,0.56,100.0,84.0,757.4,562.49,2026-09-29
IIFLCAPS,343.7,-0.87,3.98,1.64,40.77,-3.54,84.3,127,9.05,4.89,38.5,-6.22,64.3,84.0,368.4,240.4,2026-09-29
JKLAKSHMI,494.8,-3.05,-14.42,-14.57,-0.79,-26.74,0.0,127,-8.95,-11.17,8.57,-17.28,9.5,84.0,678.27,491.25,2026-09-29
JINDALSAW,276.15,-3.27,9.68,6.84,52.19,-13.02,78.7,127,24.87,23.57,55.45,3.26,100.0,84.0,320.0,178.74,2026-09-29
JTLIND,87.87,-3.61,17.83,14.59,115.67,-4.77,88.2,127,24.24,17.83,95.07,-10.75,85.7,84.0,93.87,40.19,2026-09-29
BHARTIARTL,1771.4,-0.78,-4.52,-4.15,2.1,-11.08,7.1,127,3.18,3.52,11.8,-4.62,82.1,84.0,2031.0,1718.87,2026-09-29
RESPONIND,161.6,0.23,-3.53,-3.72,27.31,-26.7,38.1,126,9.24,5.73,63.97,-21.98,60.7,84.0,240.76,117.18,2026-09-29
OMAXE,110.27,-6.97,26.0,30.08,69.0,-19.15,82.5,126,25.72,17.52,81.72,-3.77,91.7,84.0,138.89,63.99,2026-09-29
SHILCTECH,4061.3,-1.03,-4.96,-2.71,14.62,-23.33,29.9,127,0.77,-0.92,28.66,-22.34,44.0,84.0,5383.98,3490.26,2026-09-29
RRKABEL,2459.8,-2.71,17.01,5.98,90.66,-16.0,70.9,127,47.25,48.53,93.95,-1.7,98.8,84.0,2983.8,1278.08,2026-09-29
BLUESTARCO,1575.4,0.66,-2.52,-2.77,9.0,-17.39,39.4,127,-6.74,-7.23,4.63,-20.31,10.7,84.0,1919.49,1432.3,2026-09-29
ANANTRAJ,607.95,-1.53,10.61,10.28,50.1,-4.75,75.6,127,18.02,18.45,31.99,6.62,100.0,84.0,649.0,402.34,2026-09-29
MOIL,242.05,0.07,-13.91,-14.3,1.98,-27.43,3.1,127,-9.31,-11.09,19.23,-19.89,16.7,84.0,337.4,234.06,2026-09-29
ETERNAL,330.95,-1.21,19.94,25.08,44.53,-3.41,95.3,127,21.52,22.8,36.95,2.6,100.0,84.0,344.4,223.74,2026-09-29
GALLANTT,536.55,-1.57,-17.01,-17.49,3.32,-41.91,3.9,127,-7.11,-14.92,39.38,-37.28,33.3,84.0,944.53,511.22,2026-09-29
MMFL,604.5,-1.89,18.73,22.42,64.17,-11.13,74.6,126,24.17,22.23,52.9,-3.32,97.6,83.0,687.95,361.57,2026-09-29
BALUFORGE,495.1,-2.31,2.4,5.09,28.24,-22.48,65.4,127,5.12,5.03,39.5,-21.2,63.1,84.0,649.81,384.88,2026-09-29
MIDHANI,416.0,2.7,3.39,0.69,54.28,-12.52,61.4,127,14.61,6.29,54.72,-11.05,77.4,84.0,480.95,265.85,2026-09-29
WOCKPHARMA,2187.6,-3.44,23.59,15.73,86.07,-6.1,94.5,127,31.41,30.67,83.03,-12.5,92.9,84.0,2422.3,1162.1,2026-09-29
INSECTICID,598.35,-0.69,-9.07,-9.09,13.24,-21.79,6.4,125,-2.91,-9.23,26.15,-25.88,33.7,83.0,775.0,518.6,2026-09-29
REGAAL,88.56,-1.58,6.76,6.38,45.11,-10.74,81.0,126,7.9,6.07,31.76,-14.03,75.0,84.0,103.0,60.81,2026-09-29
WAAREERTL,826.05,-0.82,-12.0,-13.43,5.59,-25.99,5.5,127,-0.93,-7.71,30.16,-19.02,35.7,84.0,1202.0,779.5,2026-09-29
KRISHANA,186.42,-0.44,26.98,34.94,98.19,-9.13,84.3,127,35.19,37.09,52.54,7.56,100.0,84.0,206.39,92.93,2026-09-29
AFCONS,251.65,-0.34,-15.42,-15.86,-0.34,-26.96,0.0,127,-5.56,-10.35,17.75,-21.61,29.8,84.0,363.48,225.35,2026-09-29
RVNL,202.75,-2.05,-15.61,-13.04,2.66,-34.12,2.4,127,-15.83,-15.36,-1.62,-28.28,0.0,84.0,310.88,195.15,2026-09-29
EPACK,178.23,-1.16,-20.34,-22.9,0.3,-38.76,1.6,127,-9.27,-12.84,17.58,-28.89,17.9,84.0,302.8,175.04,2026-09-29
EPL,235.0,-1.3,1.58,1.56,14.48,-13.0,62.2,127,9.29,8.0,27.89,-5.88,94.0,84.0,274.03,199.0,2026-09-29
LGHL,181.28,-0.93,-15.39,-18.34,5.25,-32.82,17.5,126,-17.8,-19.61,-0.68,-27.3,0.0,83.0,281.39,168.0,2026-09-29
SOUTHBANK,48.64,-2.62,12.56,7.86,43.54,-2.62,98.4,127,15.49,15.12,38.93,-5.81,90.5,84.0,50.68,33.67,2026-09-29
OIL,468.0,-1.5,1.34,-0.58,15.28,-9.52,43.3,127,-2.51,-4.91,17.99,-14.9,29.8,84.0,529.92,403.28,2026-09-29
WELSPUNLIV,227.95,1.46,47.12,41.82,110.57,1.46,100.0,127,33.15,33.35,55.39,16.41,100.0,84.0,233.0,107.04,2026-09-29
HEMIPROP,115.95,-3.66,-13.09,-14.36,3.79,-25.99,0.8,127,-1.06,-0.45,24.12,-17.42,48.8,84.0,163.85,111.2,2026-09-29
ABLBL,77.17,-1.97,-18.42,-19.51,-1.81,-34.37,0.0,127,-8.4,-10.43,9.24,-20.15,20.2,84.0,118.92,76.91,2026-09-29
SCILAL,36.9,-0.65,-12.46,-11.9,7.14,-29.33,1.6,127,-5.12,-10.07,25.86,-22.29,33.3,84.0,54.24,33.83,2026-09-29
ORIENTTECH,233.81,-1.47,-9.95,-9.93,4.38,-26.16,3.1,127,-5.55,-6.14,10.2,-18.29,10.7,84.0,332.8,220.8,2026-09-29
LAXMIDENTL,192.7,-3.2,-7.64,-8.21,21.77,-22.7,8.7,127,6.66,5.95,42.2,-21.01,63.1,84.0,275.49,155.88,2026-09-29
EMKAY,288.7,6.79,19.21,19.79,54.27,-3.17,92.8,125,13.01,10.39,45.58,-16.95,77.1,83.0,323.96,184.85,2026-09-29
IRFC,78.55,-1.75,-14.47,-13.31,-0.51,-26.43,0.0,127,-10.03,-12.93,12.8,-21.4,10.7,84.0,108.38,78.16,2026-09-29
UCOBANK,23.33,-2.38,-9.24,-10.44,3.92,-17.27,0.8,127,0.25,-0.32,20.22,-16.03,47.6,84.0,30.04,22.22,2026-09-29
CAPLIPOINT,2854.0,0.67,28.14,14.43,90.33,-0.47,99.2,126,37.9,38.87,74.85,8.11,100.0,84.0,2990.0,1495.03,2026-09-29
SUMMITSEC,1337.4,-3.39,-11.51,-11.83,1.41,-21.93,0.8,126,-4.77,-6.08,14.59,-12.56,19.3,83.0,1725.0,1312.0,2026-09-29
CGPOWER,865.0,-2.37,-0.06,-2.37,32.05,-11.42,33.9,127,13.22,6.18,45.98,-11.64,73.8,84.0,980.9,651.5,2026-09-29
SUNDRMFAST,1166.6,-1.04,23.4,25.43,56.51,-8.14,73.2,127,26.37,24.76,52.0,-2.58,94.0,84.0,1347.2,726.53,2026-09-29
APCOTEXIND,586.0,-2.24,15.55,11.5,88.55,-14.03,66.1,127,36.15,38.02,71.64,10.65,100.0,84.0,712.0,307.18,2026-09-29
IGARASHI,416.2,-1.56,2.44,-0.51,52.65,-15.71,48.8,127,22.91,16.25,67.96,-11.74,92.9,84.0,537.9,270.26,2026-09-29
STYL,370.35,-3.01,21.44,19.43,74.86,-10.68,70.1,127,40.25,44.76,70.3,0.99,100.0,84.0,431.13,207.8,2026-09-29
SBFC,86.82,-2.3,-6.54,-6.41,7.25,-14.16,3.9,127,2.37,1.5,12.33,-5.74,58.3,84.0,104.39,79.6,2026-09-29
IOB,31.74,-0.75,-5.96,-6.07,1.15,-10.79,0.8,127,-0.65,-1.06,11.31,-9.81,32.1,84.0,36.53,31.2,2026-09-29
VOLTAMP,10513.0,-1.83,5.92,6.23,22.36,-15.12,72.4,127,7.9,9.11,26.6,-20.12,81.0,84.0,12724.75,8163.31,2026-09-29
RUBICON,1592.8,-4.98,27.62,14.93,106.31,-14.39,72.2,126,61.89,64.41,90.39,12.31,100.0,84.0,1899.0,754.86,2026-09-29
PVRINOX,1225.0,-2.36,16.04,20.83,33.36,-9.21,85.8,127,12.65,8.09,39.6,-7.52,84.5,84.0,1357.8,907.4,2026-09-29
DATAMATICS,784.2,-2.9,0.54,-0.2,23.85,-12.35,49.6,127,9.99,13.01,28.63,-7.63,79.8,84.0,912.12,627.95,2026-09-29
WEWORK,650.65,-0.29,5.17,-0.23,48.55,-13.87,48.4,126,30.24,34.83,68.3,0.29,100.0,84.0,794.5,420.0,2026-09-29
OPTIEMUS,809.95,6.78,68.43,71.35,176.67,-2.22,99.2,127,40.41,38.58,75.24,9.36,100.0,84.0,850.65,288.0,2026-09-29
MANYAVAR,541.3,1.65,22.9,29.34,56.44,-7.59,91.3,126,17.07,16.32,47.54,-13.01,78.6,84.0,595.4,334.32,2026-09-29
KOTAKBANK,401.55,-0.61,2.89,3.48,13.82,-5.52,74.0,127,4.72,3.56,12.79,-6.33,88.1,84.0,429.1,344.9,2026-09-29
DHARMAJ,291.05,-1.39,8.62,8.06,26.43,-3.16,97.6,125,3.58,1.87,18.75,-6.89,61.4,83.0,306.0,225.88,2026-09-29
KROSS,260.23,-2.85,32.05,35.36,64.41,-6.58,97.6,127,10.31,8.96,44.95,-10.18,78.6,84.0,283.0,150.52,2026-09-29
ECOSMOBLTY,106.36,-1.9,-14.92,-16.84,3.56,-30.2,0.8,126,-4.8,-7.73,27.32,-26.75,20.5,83.0,159.49,101.83,2026-09-29
JUBLCPL,2117.3,-4.2,10.54,13.05,42.77,-12.05,79.4,126,15.0,12.96,37.02,-2.97,97.6,83.0,2479.0,1460.0,2026-09-29
TATVA,1760.2,-1.84,27.82,33.88,67.46,-2.1,92.1,127,25.26,30.89,52.06,-3.16,96.4,84.0,1880.0,1042.84,2026-09-29
SHRIRAMFIN,976.3,-1.79,-2.96,-3.76,12.58,-14.43,29.1,127,8.06,9.81,24.03,-14.23,77.4,84.0,1153.7,858.59,2026-09-29
MOTILALOFS,1011.6,-1.69,13.43,13.14,59.87,-4.11,86.6,127,19.6,18.28,51.03,-1.94,96.4,84.0,1060.2,616.1,2026-09-29
APOLLOTYRE,389.6,-2.62,-6.86,-7.94,5.39,-14.19,10.2,127,3.73,2.55,18.94,-11.15,64.3,84.0,467.4,363.22,2026-09-29
MASFIN,279.1,-1.29,-9.6,-9.72,0.06,-19.45,0.8,127,-1.52,-1.8,10.8,-13.46,35.7,84.0,357.93,275.0,2026-09-29
ASHOKLEY,155.22,-2.43,-3.5,-3.4,12.01,-13.31,27.6,127,1.45,3.37,20.55,-27.65,53.6,84.0,182.7,138.03,2026-09-29
SERVOTECH,72.34,2.23,-17.7,-21.56,16.13,-35.53,8.7,127,8.16,-6.49,66.9,-30.16,46.4,84.0,115.77,61.6,2026-09-29
SANOFICONR,3976.2,0.78,-11.21,-12.65,0.78,-19.68,1.6,126,-1.58,-1.53,17.65,-18.14,45.8,83.0,5175.36,3834.9,2026-09-29
AIAENG,3841.4,-1.99,-9.86,-10.71,6.17,-24.12,10.4,125,13.27,16.83,46.2,-22.13,72.3,83.0,5160.6,3364.35,2026-09-29
DSSL,1011.3,-0.97,-15.21,-17.9,28.91,-46.61,7.1,126,9.21,12.35,73.78,-42.98,53.0,83.0,1923.96,780.66,2026-09-29
ICICIBANK,1302.0,-1.87,-2.82,-3.38,8.88,-10.82,30.7,127,8.49,9.53,18.28,-9.04,88.1,84.0,1467.63,1177.67,2026-09-29
MARATHON,392.8,-4.59,-7.01,-5.69,13.52,-24.11,20.5,127,-7.69,-4.71,14.42,-28.52,35.7,84.0,526.73,343.22,2026-09-29
GARUDA,178.81,1.1,2.27,2.15,34.68,-11.32,69.0,126,5.45,3.49,34.44,-11.81,74.7,83.0,204.55,130.0,2026-09-29
IEX,111.35,-1.2,-9.51,-10.26,0.13,-17.02,0.8,127,-1.04,-1.04,10.77,-11.04,41.7,84.0,135.2,110.35,2026-09-29
BBOX,783.15,-2.08,2.52,0.42,75.38,-27.27,50.4,127,33.45,14.22,111.83,-33.52,56.0,84.0,1101.51,443.7,2026-09-29
REDINGTON,404.85,-0.59,52.17,49.97,106.92,-1.34,97.6,127,40.61,43.72,73.39,-7.33,91.7,84.0,419.5,187.2,2026-09-29
INDSWFTLAB,408.1,0.93,110.38,100.51,210.51,0.63,100.0,127,82.15,68.29,172.55,10.57,100.0,84.0,419.8,127.3,2026-09-29
DOLATALGO,65.79,-2.5,-9.83,-9.65,-0.26,-19.24,0.0,125,-5.0,-5.38,10.49,-14.18,22.9,83.0,82.87,64.96,2026-09-29
RAJRILTD,20.8,-0.48,-2.45,-2.3,4.94,-14.23,32.8,125,3.48,2.97,21.61,-12.57,66.3,83.0,24.71,19.41,2026-09-29
BPCL,302.25,-2.03,-1.32,-1.95,8.94,-8.4,27.6,127,3.3,4.44,13.75,-18.09,81.0,84.0,329.95,266.6,2026-09-29
FEDFINA,150.72,-0.63,-1.03,-1.13,21.51,-8.9,31.7,126,7.22,4.05,27.47,-5.8,74.7,83.0,174.4,123.36,2026-09-29
CANBK,120.65,-3.47,-5.92,-5.48,0.96,-14.18,0.8,127,-2.22,-2.52,8.43,-10.36,35.7,84.0,142.2,117.9,2026-09-29
SUPREMEIND,3499.8,-1.41,-0.21,-0.45,10.83,-7.98,44.9,127,-4.69,-4.74,9.57,-15.47,23.8,84.0,3913.72,3140.0,2026-09-29
SANDESH,1027.9,-0.63,2.96,3.46,25.66,-13.05,69.0,126,3.98,4.65,23.06,-12.12,71.4,84.0,1264.1,807.23,2026-09-29
JWL,222.23,-1.98,-15.22,-15.28,-1.98,-26.84,0.0,127,-7.17,-9.17,13.02,-18.42,21.4,84.0,308.6,221.85,2026-09-29
PURVA,209.99,-1.81,-1.88,-2.43,28.78,-15.46,14.3,126,6.38,0.77,32.04,-6.78,57.1,84.0,261.8,160.69,2026-09-29
UGROCAP,80.29,-2.11,-15.23,-16.16,-1.24,-30.08,0.0,125,-5.75,-9.39,19.57,-17.94,25.3,83.0,119.89,80.12,2026-09-29
SBILIFE,1728.1,-0.8,-4.54,-4.63,4.47,-12.83,8.7,127,-3.2,-3.67,5.21,-11.36,17.9,84.0,1990.9,1652.9,2026-09-29
NATCOPHARM,828.55,-1.28,-12.96,-10.74,1.88,-31.18,8.7,127,-12.52,-9.74,-1.95,-26.94,0.0,84.0,1224.73,801.0,2026-09-29
ITI,245.8,-2.81,-13.51,-14.22,2.82,-21.33,0.8,127,-0.25,-3.43,24.53,-17.99,33.3,84.0,325.85,237.0,2026-09-29
VRLLOG,287.0,-0.93,11.63,13.4,25.02,-5.98,75.4,126,7.32,4.07,28.39,-14.46,65.5,84.0,310.2,225.0,2026-09-29
YESBANK,21.18,-5.87,-4.77,-6.9,22.78,-16.88,18.9,127,12.21,12.89,45.45,-15.58,71.4,84.0,25.78,17.2,2026-09-29
WAAREEENER,2455.0,-1.6,-15.01,-15.94,-0.73,-29.86,0.0,127,-10.24,-13.79,17.1,-21.99,11.9,84.0,3554.21,2437.0,2026-09-29
APLAPOLLO,2197.0,-0.8,13.19,15.77,25.14,-3.22,93.7,127,2.94,-1.76,26.27,-16.33,47.6,84.0,2272.25,1729.34,2026-09-29
BEEKAY,434.4,0.99,2.46,2.08,9.72,-1.94,96.6,29,,,,,,,448.75,389.29,2026-09-29
DBREALTY,96.28,-3.8,-12.23,-13.97,14.66,-32.19,7.1,127,1.91,4.66,32.75,-20.38,51.2,84.0,148.3,83.5,2026-09-29
AZAD,2723.2,-0.18,21.79,22.15,83.5,-6.09,80.3,127,31.01,33.84,52.39,4.37,100.0,84.0,2986.6,1442.7,2026-09-29
INDIANB,802.45,-3.55,-5.47,-5.04,3.89,-15.31,8.7,127,-0.7,-0.79,13.36,-17.53,42.9,84.0,980.02,769.25,2026-09-29
PANACHE,515.0,-1.9,28.07,21.42,81.27,-6.12,78.4,125,35.7,38.18,57.56,7.4,100.0,83.0,559.4,275.2,2026-09-29
TCC,49.35,-2.76,-20.06,-25.11,20.13,-38.47,10.6,123,-21.83,-25.48,2.79,-43.94,1.2,82.0,83.99,39.37,2026-09-29
VIPIND,296.25,-1.64,-3.3,-2.49,1.86,-10.89,11.8,127,-2.97,-3.64,7.56,-14.27,26.2,84.0,345.0,278.25,2026-09-29
WANBURY,222.25,-0.85,-15.83,-14.93,0.14,-35.53,0.8,126,6.02,5.33,33.42,-21.22,59.5,84.0,358.85,217.95,2026-09-29
CANTABIL,230.67,-2.57,-2.0,-3.3,9.74,-14.1,33.6,125,3.16,4.04,16.1,-16.58,72.3,83.0,277.15,207.87,2026-09-29
PNCINFRA,131.26,-3.09,-35.54,-38.15,-1.94,-48.21,0.0,127,4.54,5.04,42.18,-41.77,59.5,84.0,259.88,115.9,2026-09-29
IOC,133.32,-1.75,-4.16,-4.09,2.05,-9.24,5.5,127,-2.24,-1.9,6.1,-18.38,31.0,84.0,147.98,129.07,2026-09-29
JINDWORLD,48.69,4.13,54.42,60.59,169.01,-16.8,88.2,127,45.15,44.83,111.72,12.79,100.0,84.0,61.99,17.85,2026-09-29
TEAMLEASE,1140.2,-2.8,-12.49,-11.03,1.04,-22.32,0.8,127,3.96,1.48,28.73,-21.21,51.2,84.0,1480.0,1090.2,2026-09-29
HGINFRA,444.55,-1.89,-18.2,-19.74,3.4,-29.72,3.1,127,-3.74,-11.68,34.62,-23.98,35.7,84.0,677.52,427.93,2026-09-29
SAREGAMA,489.6,-1.47,12.26,2.58,57.38,-12.14,62.2,127,32.94,38.09,58.98,-1.86,98.8,84.0,574.5,308.8,2026-09-29
SANDUMA,181.51,-1.77,-11.8,-12.11,5.86,-24.53,2.4,127,-1.71,-6.92,24.45,-15.88,40.5,84.0,253.28,170.09,2026-09-29
KHAICHEM,49.51,-0.16,-7.78,-8.8,14.61,-20.97,14.3,126,-2.56,-2.84,28.42,-23.38,40.5,84.0,68.72,42.88,2026-09-29
IBULLSLTD,28.9,-3.12,30.6,12.23,216.19,-8.52,79.5,127,79.68,53.07,204.27,1.5,100.0,84.0,32.5,9.06,2026-09-29
BASF,3495.8,-1.24,-3.91,-3.8,9.52,-15.44,22.0,127,5.21,4.66,15.81,-6.27,78.6,84.0,4250.0,3131.13,2026-09-29
CENTENKA,553.05,-3.14,10.42,7.35,51.2,-10.31,68.3,126,25.29,24.42,45.25,7.0,100.0,84.0,659.42,364.44,2026-09-29
SUNTV,519.9,1.31,1.72,2.69,15.71,-19.49,75.6,127,-11.82,-12.26,2.26,-24.78,3.6,84.0,653.93,447.2,2026-09-29
TRUALT,458.15,3.68,1.09,0.25,13.57,-13.87,52.0,127,1.75,-2.14,42.33,-21.85,46.4,84.0,542.0,381.85,2026-09-29
CENTRALBK,30.59,-1.89,-5.16,-2.92,3.27,-16.51,11.8,127,-6.2,-6.92,8.72,-18.43,15.5,84.0,36.93,29.32,2026-09-29
LT,3766.4,-2.83,-4.96,-5.25,8.54,-10.67,3.9,127,2.97,0.96,26.92,-9.57,59.5,84.0,4272.3,3436.44,2026-09-29
GLOBUSSPR,819.15,-1.61,-8.73,-7.38,2.82,-26.77,0.8,126,-2.22,-0.51,12.32,-20.47,46.4,84.0,1146.57,794.21,2026-09-29
SUDEEPPHRM,1138.8,-2.24,38.57,38.01,92.53,-15.28,84.3,127,43.95,38.59,81.62,18.18,100.0,84.0,1378.0,584.17,2026-09-29
GANESHHOU,718.55,-2.2,-1.46,-4.99,42.22,-17.53,35.7,126,19.58,18.59,52.11,-5.93,84.3,83.0,887.59,499.07,2026-09-29
OAL,553.15,3.65,60.55,65.17,132.48,-0.93,98.4,127,33.94,29.51,76.45,3.13,100.0,84.0,570.0,227.7,2026-09-29
KOTIC,151.06,0.43,6.8,5.03,19.3,-2.89,93.1,29,,,,,,,163.0,123.12,2026-09-29
ARKADE,123.22,-1.8,0.68,0.09,29.94,-12.73,52.4,126,12.15,11.39,30.9,-0.15,98.8,84.0,144.5,92.62,2026-09-29
HTMEDIA,23.1,-3.99,-2.77,-0.69,27.34,-19.4,48.8,125,14.1,12.54,32.87,0.79,100.0,83.0,31.3,17.52,2026-09-29
NAVINFLUOR,8432.5,-1.77,13.95,11.73,45.03,-3.91,83.5,127,18.33,18.2,32.44,4.41,100.0,84.0,8949.5,5659.69,2026-09-29
RATNAMANI,2748.4,-1.08,8.21,6.87,25.62,-9.38,85.7,126,3.56,5.42,27.03,-25.51,73.8,84.0,3330.26,2138.53,2026-09-29
MPSLTD,2631.7,-1.32,27.82,39.35,76.48,-10.22,71.4,126,40.1,43.44,76.4,9.26,100.0,84.0,2979.0,1460.9,2026-09-29
POLYMED,1636.7,-5.09,3.0,-0.76,37.69,-12.27,42.5,127,16.84,14.82,41.67,-4.23,97.6,84.0,1909.79,1179.58,2026-09-29
SPLPETRO,864.85,-1.72,18.76,19.6,31.36,-1.97,96.1,127,4.42,3.26,25.49,-9.46,59.5,84.0,899.0,653.41,2026-09-29
GLOSTERLTD,545.5,-1.3,-12.68,-14.71,6.67,-25.22,2.4,126,9.55,11.29,42.6,-22.54,61.4,83.0,736.26,493.23,2026-09-29
SONACOMS,807.9,-2.01,22.81,30.33,68.28,-3.01,85.8,127,28.74,29.21,42.54,14.12,100.0,84.0,844.0,473.12,2026-09-29
ROSSARI,440.4,-0.86,-11.04,-12.86,16.44,-21.41,4.7,127,4.47,1.58,41.66,-21.84,50.0,84.0,574.45,374.64,2026-09-29
INDGN,613.3,0.71,16.68,18.91,41.74,0.27,100.0,127,10.7,11.41,27.85,-1.07,97.6,84.0,621.95,430.91,2026-09-29
SENCO,318.3,-3.87,-7.4,-6.96,14.48,-23.75,7.9,127,10.44,11.34,31.84,-4.03,90.5,84.0,428.76,275.2,2026-09-29
EIHAHOTELS,290.0,-1.46,-5.75,-6.55,8.51,-12.49,6.3,126,-0.96,-2.95,19.89,-9.48,34.5,84.0,335.26,263.71,2026-09-29
PRAVEG,249.5,-3.76,-4.52,-4.62,0.83,-9.63,3.4,29,,,,,,,280.44,245.0,2026-09-29
GAIL,172.45,-0.14,2.85,0.49,25.59,-4.68,58.3,127,9.53,7.46,30.95,-2.68,91.7,84.0,181.85,134.61,2026-09-29
SHAKTIPUMP,465.15,-0.37,-10.86,-10.32,1.33,-22.27,3.1,127,-0.03,-2.6,28.21,-20.97,39.3,84.0,620.7,455.0,2026-09-29
SOUTHWEST,189.85,1.68,-17.03,-17.15,1.68,-29.46,2.4,126,-1.11,-4.2,46.61,-23.45,43.4,83.0,275.0,183.5,2026-09-29
POLYCAB,8191.0,-2.59,-7.04,-9.87,20.26,-18.76,18.1,127,10.26,10.02,48.2,-17.8,66.7,84.0,10126.0,6658.9,2026-09-29
WONDERLA,505.55,-0.9,1.85,3.02,9.97,-9.51,59.5,126,-1.78,-2.42,13.75,-16.18,37.3,83.0,570.54,454.32,2026-09-29
EQUITASBNK,66.02,-1.51,-7.83,-10.08,27.62,-20.52,13.4,127,16.18,12.17,45.78,-11.5,81.0,84.0,83.9,51.25,2026-09-29
KOVAI,6025.0,-1.08,8.14,2.94,134.42,-4.24,76.1,117,18.52,7.98,132.69,-1.87,96.4,55.0,6444.0,2570.22,2026-09-29
BRITANNIA,4915.0,-0.46,-7.09,-7.11,0.41,-14.4,0.8,127,-3.18,-3.64,7.56,-14.64,28.6,84.0,5826.96,4869.0,2026-09-29
IFBIND,1214.2,-0.9,-1.59,-4.54,35.8,-15.86,30.7,127,17.91,19.23,44.02,-5.47,88.1,84.0,1476.1,883.2,2026-09-29
BHEL,411.9,-1.68,7.34,1.24,68.32,-6.95,60.6,127,25.57,15.59,68.68,-1.59,96.4,84.0,446.5,238.4,2026-09-29
ROHLTD,299.05,-3.09,-6.41,-6.46,11.15,-18.48,8.0,125,-3.9,-6.69,22.74,-11.68,21.7,83.0,369.63,267.18,2026-09-29
EFCIL,175.24,-2.5,-7.44,-7.75,0.82,-15.02,2.4,127,-1.39,-1.43,15.54,-26.34,42.9,84.0,217.9,171.42,2026-09-29
IDBI,84.39,-0.01,6.08,2.61,37.22,-10.93,72.4,127,10.77,13.38,39.77,-33.84,79.8,84.0,96.25,61.01,2026-09-29
STLNETWORK,52.06,-4.67,93.63,93.6,227.01,-4.67,99.2,127,22.16,18.32,100.4,-22.05,63.1,84.0,56.5,15.75,2026-09-29
NITINSPIN,596.45,-2.6,14.65,10.11,74.5,-8.53,80.3,127,29.49,24.8,66.57,5.97,100.0,84.0,665.0,338.88,2026-09-29
LTF,280.85,-1.11,-4.47,-6.07,18.13,-16.31,26.0,127,11.93,12.44,37.45,-6.09,88.1,84.0,338.6,232.51,2026-09-29
HAWKINCOOK,8082.5,0.43,1.64,-0.64,14.51,-11.27,48.2,110,12.46,13.46,20.5,0.66,100.0,47.0,9450.43,6998.24,2026-09-29
ADVENZYMES,283.15,-2.75,-12.14,-10.74,11.39,-27.47,3.9,127,0.06,-8.01,40.54,-24.35,45.2,84.0,417.2,250.87,2026-09-29
ASIANPAINT,2420.0,-0.98,-5.91,-8.02,12.74,-13.88,11.8,127,8.48,9.91,27.63,-11.81,72.6,84.0,2864.0,2123.97,2026-09-29
TTKHLTCARE,1013.6,-1.7,5.79,10.31,38.45,-14.9,62.7,126,17.16,16.66,35.7,3.01,100.0,84.0,1247.0,727.56,2026-09-29
DBL,406.9,-1.35,-5.02,-4.7,5.46,-16.3,17.5,126,-3.28,-4.84,19.8,-15.07,17.9,84.0,495.77,380.6,2026-09-29
OSWALPUMPS,268.55,-2.33,-23.59,-26.65,-0.48,-38.67,0.0,127,-3.27,-16.58,47.54,-37.3,36.9,84.0,449.4,266.45,2026-09-29
WSI,55.7,-0.43,-14.62,-15.98,-0.43,-30.35,0.0,125,-10.35,-12.9,12.16,-19.38,9.6,83.0,81.99,53.8,2026-09-29
SBC,53.54,0.98,37.85,34.15,77.23,0.98,100.0,127,22.57,24.04,45.18,0.6,100.0,84.0,56.9,29.35,2026-09-29
STEELXIND,11.1,-1.68,1.64,-0.98,56.12,-17.1,46.5,127,22.6,11.82,88.19,-17.28,73.8,84.0,13.95,7.0,2026-09-29
CPPLUS,3723.4,0.97,24.68,8.38,108.07,-4.51,89.0,127,57.01,49.21,121.14,-7.73,96.4,84.0,4094.0,1754.7,2026-09-29
HIMATSEIDE,66.13,-3.87,-15.9,-16.54,5.37,-29.67,4.7,127,-6.43,-8.23,26.42,-26.09,17.9,84.0,97.13,61.09,2026-09-29
DWARKESH,43.37,-3.64,-2.39,-1.37,18.24,-21.69,36.5,126,2.09,-0.5,27.01,-21.68,48.8,84.0,59.9,36.07,2026-09-29
UTIAMC,893.9,-0.88,-2.22,-1.57,2.68,-12.7,18.9,127,-1.2,-1.34,7.13,-11.06,32.1,84.0,1040.86,866.0,2026-09-29
ABDL,723.45,1.17,23.91,18.66,80.6,1.17,100.0,126,23.01,14.88,66.73,-1.0,98.8,84.0,753.8,384.67,2026-09-29
FIRSTCRY,184.72,2.15,-12.95,-14.58,9.41,-27.04,15.7,127,-11.01,-12.71,7.18,-23.08,17.9,84.0,269.63,163.37,2026-09-29
FILATEX,110.75,3.56,94.3,103.26,201.17,1.87,100.0,126,59.55,59.33,114.83,14.97,100.0,84.0,111.98,36.14,2026-09-29
RAINBOW,1372.6,-0.12,-0.83,-3.58,19.69,-14.14,38.9,126,14.22,15.43,31.99,-3.98,91.6,83.0,1610.0,1117.87,2026-09-29
RPEL,1703.9,0.26,58.95,40.71,201.08,-9.62,89.7,126,73.93,76.1,112.75,28.31,100.0,84.0,1943.7,560.83,2026-09-29
DLINKINDIA,418.45,-0.58,-5.75,-5.6,16.65,-19.3,11.0,127,8.44,3.5,37.26,-15.05,64.3,84.0,521.54,358.01,2026-09-29
SANGHVIMOV,444.3,-2.57,15.53,5.91,91.25,-14.68,75.6,127,41.84,43.98,87.95,-4.48,97.6,84.0,525.87,229.62,2026-09-29
MUFIN,130.16,-2.15,4.52,1.52,36.49,-6.7,60.6,127,15.81,13.97,40.37,0.22,100.0,84.0,141.5,95.0,2026-09-29
MTNL,22.94,-2.84,-18.86,-20.1,6.85,-31.19,0.8,127,-2.42,-9.96,38.24,-26.12,32.1,84.0,34.4,21.26,2026-09-29
BLKASHYAP,51.9,-4.35,-4.0,-4.56,21.23,-16.67,15.7,127,4.68,3.58,27.63,-10.13,64.3,84.0,62.45,40.32,2026-09-29
GODFRYPHLP,1931.5,-1.97,-9.22,-9.05,4.6,-20.29,6.3,127,-0.38,-4.13,24.06,-15.03,42.9,84.0,2455.78,1825.3,2026-09-29
GRAVITA,1475.4,-1.34,-11.55,-11.57,13.92,-20.45,3.9,127,8.84,9.05,33.16,-11.31,78.6,84.0,1870.0,1266.9,2026-09-29
ALICON,716.85,-1.81,6.32,6.53,23.15,-6.87,77.8,126,2.7,1.04,17.18,-12.79,59.5,84.0,778.78,575.82,2026-09-29
ELPROINTL,172.52,0.42,5.46,-0.01,63.76,-4.19,49.5,111,17.2,5.15,65.69,-0.35,89.6,48.0,180.89,102.0,2026-09-29
ALKEM,5175.0,-1.88,-4.59,-4.29,1.72,-10.87,4.7,127,0.66,0.11,9.57,-5.04,51.2,84.0,5871.99,5051.0,2026-09-29
STOVEKRAFT,797.15,-2.12,18.8,5.9,76.51,-6.13,79.5,127,38.07,37.43,71.72,2.79,100.0,84.0,873.34,445.19,2026-09-29
MODIS,362.85,-0.07,1.66,2.92,23.42,-12.69,54.8,126,9.9,10.46,18.64,-1.21,95.2,84.0,429.05,291.6,2026-09-29
AWFIS,250.2,-2.72,-15.67,-15.81,8.48,-35.62,1.6,127,-7.1,-14.03,31.11,-30.63,29.8,84.0,424.0,229.05,2026-09-29
NAHARINDUS,127.47,-4.09,8.54,8.59,51.46,-13.64,79.5,127,16.46,12.37,38.84,-3.57,95.2,84.0,154.0,83.05,2026-09-29
360ONE,1045.0,-2.61,-4.81,-5.18,13.11,-13.64,11.0,127,6.37,7.45,24.48,-8.03,85.7,84.0,1222.9,900.82,2026-09-29
AWHCL,367.65,-2.83,-15.8,-18.39,6.41,-30.16,6.3,127,-9.85,-15.59,25.22,-25.27,21.4,84.0,542.06,337.55,2026-09-29
NELCAST,116.65,-1.47,-8.88,-11.6,12.33,-26.79,18.3,126,-3.61,-12.42,32.68,-24.33,41.0,83.0,172.26,102.32,2026-09-29
RTNINDIA,26.2,-2.82,-18.63,-20.1,2.1,-34.04,0.8,127,-0.91,-11.25,53.03,-29.38,35.7,84.0,41.34,24.95,2026-09-29
BAJAJHIND,20.45,-1.59,8.61,9.95,24.17,-15.6,84.3,127,6.21,7.27,30.69,-17.98,65.5,84.0,26.0,16.1,2026-09-29
SOFTTECH,495.0,3.17,23.06,17.86,126.39,-5.84,96.8,125,28.65,18.03,103.36,-13.64,80.7,83.0,545.0,215.0,2026-09-29
PPL,250.85,-4.64,5.97,-2.66,54.15,-21.8,40.8,125,28.67,26.32,97.12,-17.22,98.8,83.0,331.51,161.8,2026-09-29
ATUL,5991.0,-1.31,-8.33,-8.2,-0.85,-15.3,0.0,127,-1.61,-2.7,9.83,-8.9,34.5,84.0,7144.77,5941.0,2026-09-29
KPL,3576.9,-2.6,2.7,3.61,9.48,-6.97,65.5,29,,,,,,,3949.0,3137.0,2026-09-29
LGBBROSLTD,1730.6,-0.27,7.87,9.5,20.34,-2.56,87.4,127,-2.34,-6.98,20.28,-23.8,38.1,84.0,1819.68,1425.17,2026-09-29
RALLIS,199.42,-0.48,-12.8,-12.7,-0.47,-24.64,0.0,127,-10.39,-11.26,4.22,-20.31,4.8,84.0,279.42,196.81,2026-09-29
MUTHOOTFIN,2760.0,-2.65,-11.4,-10.53,1.38,-23.55,0.8,127,-9.46,-8.82,4.1,-19.25,1.2,84.0,3647.66,2671.0,2026-09-29
BHARATRAS,1046.2,-4.61,-21.69,-23.46,-4.61,-34.04,0.0,126,-7.04,-8.45,12.88,-22.19,25.0,84.0,1618.0,1027.8,2026-09-29
SYSTMTXC,77.0,-0.65,18.73,17.93,46.25,-2.59,97.6,126,-3.55,-9.21,25.52,-24.93,38.6,83.0,79.95,51.89,2026-09-29
ELCIDIN,103500.0,-0.29,-9.22,-8.68,1.26,-22.62,0.9,111,-9.6,-9.41,-5.55,-16.26,0.0,50.0,136968.89,102210.0,2026-09-29
LUPIN,2062.0,-1.43,-9.5,-9.47,0.83,-18.01,0.8,127,-0.42,-0.91,9.58,-13.79,46.4,84.0,2523.7,2033.5,2026-09-29
NDRAUTO,721.6,-3.35,-7.35,-9.91,18.71,-18.63,14.3,126,6.11,5.05,35.12,-21.19,63.9,83.0,926.46,602.13,2026-09-29
JGCHEM,620.8,0.11,35.36,43.15,101.24,-4.51,93.7,126,34.29,30.97,66.31,12.66,100.0,84.0,673.78,306.25,2026-09-29
BAJAJINDEF,210.31,-3.57,-14.03,-11.52,0.24,-34.62,0.8,126,-9.04,-9.65,24.25,-29.36,26.2,84.0,330.13,207.43,2026-09-29
INDOAMIN,137.47,0.71,11.4,8.75,63.87,-3.84,96.0,125,14.9,11.65,74.5,-13.65,66.3,83.0,152.65,82.67,2026-09-29
ROLEXRINGS,193.45,-0.97,29.1,31.93,74.28,-0.97,99.2,127,16.81,19.96,34.76,-12.19,85.7,84.0,198.45,110.07,2026-09-29
NAM-INDIA,1093.9,-5.45,-0.62,-4.6,37.95,-12.56,38.6,127,19.17,14.82,48.39,-6.29,94.0,84.0,1269.5,787.7,2026-09-29
JBMA,571.05,-2.65,-10.91,-11.0,10.98,-21.46,3.9,127,7.71,5.93,40.54,-18.57,64.3,84.0,737.48,511.69,2026-09-29
VAIBHAVGBL,199.72,-3.23,-11.45,-10.68,15.33,-25.89,4.0,125,8.91,8.93,31.88,-14.8,69.9,83.0,280.52,171.95,2026-09-29
KWIL,39.81,-2.97,23.36,21.33,77.17,-18.14,78.7,127,33.7,30.28,84.69,8.89,100.0,84.0,50.68,22.24,2026-09-29
SHREECEM,22170.0,-1.55,-10.39,-10.96,1.72,-18.63,2.4,127,1.77,2.69,15.74,-13.47,58.3,84.0,27550.0,21665.0,2026-09-29
ANUP,1632.0,-2.69,-16.1,-16.32,2.43,-29.95,1.6,126,5.92,0.2,55.01,-29.71,50.0,84.0,2383.33,1581.44,2026-09-29
HAPPSTMNDS,307.15,-1.08,-16.17,-16.93,-1.08,-31.42,0.0,127,-0.25,-1.73,21.47,-15.94,45.2,84.0,457.3,306.25,2026-09-29
NCC,130.29,-1.9,-11.0,-10.73,1.04,-22.27,0.8,127,-3.34,-3.33,20.61,-17.54,38.1,84.0,169.16,128.02,2026-09-29
ACE,1212.9,-1.12,23.14,23.06,62.24,-3.27,95.3,127,20.01,21.82,36.72,-0.43,98.8,84.0,1268.0,743.73,2026-09-29
KRYSTAL,621.65,-1.57,3.76,3.78,22.87,-8.54,80.2,126,6.73,7.03,18.36,-8.68,84.5,84.0,696.9,502.99,2026-09-29
JUBLFOOD,478.7,-1.21,5.63,5.24,16.2,-7.05,71.7,127,1.87,-1.02,20.09,-16.11,48.8,84.0,527.85,407.64,2026-09-29
URBANCO,161.21,-4.6,16.6,20.36,35.63,-10.98,81.1,127,15.4,14.17,46.41,-14.68,76.2,84.0,183.97,111.5,2026-09-29
BEML,1995.1,-2.03,10.32,10.18,46.74,-6.0,87.4,127,10.61,12.42,28.72,-13.64,83.3,84.0,2192.09,1345.29,2026-09-29
ARE&M,774.95,-2.15,-8.56,-9.64,15.93,-20.13,11.0,127,7.65,5.39,25.21,-6.89,81.0,84.0,1017.3,666.01,2026-09-29
KIRLFER,468.95,-2.95,4.06,4.37,14.04,-5.24,78.0,118,4.29,4.04,13.35,-3.32,78.6,56.0,509.73,405.4,2026-09-29
HGS,372.35,-1.13,-7.63,-8.25,9.44,-16.84,4.0,126,3.63,2.55,22.41,-14.57,61.9,84.0,471.42,339.79,2026-09-29
HERANBA,179.94,-4.08,-2.43,-0.46,14.23,-21.13,47.6,126,-7.05,-8.68,14.63,-22.88,24.1,83.0,235.19,155.38,2026-09-29
JYOTISTRUC,8.75,-3.1,-23.17,-24.76,-2.23,-37.63,0.0,127,-6.87,-13.04,28.72,-28.52,31.0,84.0,14.47,8.7,2026-09-29
BBL,2112.2,-2.34,-16.88,-18.99,3.43,-33.47,0.8,127,-2.05,-11.7,39.44,-23.59,38.1,84.0,3227.85,2025.25,2026-09-29
SKFINDUS,2881.7,-1.24,14.78,7.64,42.95,-5.91,84.9,126,22.26,24.2,40.53,-2.55,97.6,84.0,3218.7,1972.22,2026-09-29
BOSCH-HCIL,1802.4,-0.51,25.06,29.85,71.8,-2.53,97.6,127,14.28,16.39,37.69,-7.8,83.3,84.0,1891.3,1021.3,2026-09-29
DHANUKA,954.4,-1.03,-7.78,-7.04,6.44,-19.37,1.6,126,-1.37,-4.6,17.45,-16.9,40.5,84.0,1245.6,887.89,2026-09-29
BLAL,160.69,-0.78,-9.81,-11.39,3.18,-22.45,1.6,127,-3.66,-8.85,19.45,-17.28,35.7,84.0,215.0,155.5,2026-09-29
GFLLIMITED,55.99,-2.27,15.74,18.45,49.15,-10.86,87.2,125,10.92,11.79,37.85,-6.12,81.9,83.0,63.99,37.25,2026-09-29
HEROMOTOCO,5390.0,0.56,5.34,7.17,14.53,-8.57,81.1,127,3.31,4.8,19.75,-14.99,57.1,84.0,5937.0,4603.78,2026-09-29
NATIONSTD,114.48,-1.44,1.49,2.4,11.07,-14.57,62.1,29,,,,,,,148.1,98.27,2026-09-29
AEGISLOG,1308.1,-4.2,37.66,12.01,123.65,-11.97,71.7,127,73.56,81.81,135.91,12.01,100.0,84.0,1528.7,574.79,2026-09-29
INTELLECT,631.55,-0.24,-10.73,-11.05,6.53,-20.97,1.6,127,3.14,1.82,21.48,-14.44,54.8,84.0,826.44,589.52,2026-09-29
TERASOFT,215.7,-1.46,-36.96,-38.69,-1.46,-52.0,0.0,126,2.58,12.13,38.89,-47.33,66.3,83.0,471.86,211.05,2026-09-29
JKPAPER,398.15,-2.52,7.07,6.3,31.31,-7.54,84.9,126,7.74,5.36,24.35,-2.63,92.9,84.0,442.0,301.69,2026-09-29
POWERINDIA,30260.0,-2.5,-6.82,-7.29,24.89,-21.27,11.8,127,10.27,5.71,51.56,-15.97,52.4,84.0,38775.74,23994.27,2026-09-29
MAHSCOOTER,12804.0,-1.9,1.29,0.22,17.18,-7.05,51.2,125,5.51,5.61,16.52,-6.07,79.5,83.0,13960.39,10721.76,2026-09-29
EXCELINDUS,942.8,1.5,-0.22,-0.03,18.6,-15.61,49.2,126,4.73,4.74,18.45,-7.3,84.5,84.0,1132.22,788.67,2026-09-29
ICRA,4310.4,-1.54,-14.73,-15.73,-1.54,-19.98,0.0,126,-4.36,-4.33,5.62,-16.72,16.7,84.0,5514.71,4305.0,2026-09-29
M&M,2995.0,-1.32,-4.94,-4.12,2.5,-14.84,10.2,127,3.35,3.73,11.97,-9.91,71.4,84.0,3534.6,2870.26,2026-09-29
BSOFT,271.25,-1.02,-13.09,-12.82,1.12,-30.21,1.6,127,-12.78,-11.28,2.34,-26.54,3.6,84.0,394.03,266.27,2026-09-29
BLS,221.22,-1.36,-13.3,-14.5,-1.2,-25.74,0.0,127,-6.69,-8.76,20.45,-21.03,28.6,84.0,308.32,220.96,2026-09-29
DBCORP,178.55,-1.74,-11.4,-11.86,-0.98,-21.02,0.0,126,-1.82,-1.5,4.11,-8.76,31.0,84.0,239.28,178.01,2026-09-29
PRAKASH,115.68,-2.63,-12.22,-11.72,5.64,-23.47,0.8,127,-3.79,-10.77,28.3,-21.02,29.8,84.0,156.6,108.84,2026-09-29
BIOCON,374.9,-1.9,-6.6,-9.47,10.38,-14.93,19.7,127,7.03,8.33,26.91,-9.61,61.9,84.0,447.15,337.3,2026-09-29
TRIVENI,242.4,-2.08,-26.84,-35.67,9.92,-48.97,15.1,126,-14.3,-22.42,24.23,-46.27,37.3,83.0,487.94,219.08,2026-09-29
VOLTAS,1135.5,1.55,-11.27,-11.63,3.15,-24.81,5.5,127,-5.67,-5.36,8.56,-17.31,20.2,84.0,1533.08,1090.8,2026-09-29
SUBROS,700.3,-2.86,-6.91,-6.27,10.71,-18.41,8.7,127,4.42,1.93,34.43,-16.13,71.4,84.0,894.12,619.48,2026-09-29
GSPCROP,483.1,-3.04,4.21,9.89,43.28,-24.73,63.5,126,25.28,24.63,46.83,-0.44,98.6,69.0,666.53,334.39,2026-09-29
KRISHIVAL,413.65,0.06,8.08,3.82,29.84,-1.42,90.4,125,14.64,14.87,29.47,-6.34,96.4,83.0,449.52,317.58,2026-09-29
PNGSREVA,506.05,-3.58,18.08,23.34,52.52,-18.48,74.0,127,20.72,16.86,63.81,-8.77,91.7,84.0,644.0,324.25,2026-09-29
BECTORFOOD,211.52,-1.88,6.51,8.11,26.9,-19.44,69.3,127,12.4,6.67,47.46,-15.57,73.8,84.0,265.04,164.53,2026-09-29
ASHOKA,110.17,-2.61,-10.32,-10.63,7.87,-21.34,2.4,127,-2.24,-7.63,29.42,-17.42,32.1,84.0,141.19,101.0,2026-09-29
INDORAMA,100.8,1.45,110.98,118.94,235.0,-5.4,97.6,127,54.67,47.56,129.54,25.59,100.0,84.0,112.3,30.0,2026-09-29
ROSSTECH,1398.8,-0.28,38.9,39.06,109.54,-6.38,96.9,127,23.75,22.2,60.45,-10.64,94.0,84.0,1505.0,661.45,2026-09-29
CENTURYPLY,679.05,-2.22,-10.4,-10.81,-2.19,-17.38,0.0,127,2.12,0.24,16.97,-8.22,53.6,84.0,834.83,677.0,2026-09-29
NINSYS,706.15,-0.37,8.0,-0.69,83.77,-22.75,37.6,125,63.22,58.41,162.61,-12.61,83.1,83.0,935.0,333.3,2026-09-29
HINDZINC,573.0,-2.71,-0.19,-0.85,16.19,-14.38,46.5,127,-1.21,-2.94,19.69,-14.12,41.7,84.0,678.25,488.48,2026-09-29
GPTHEALTH,156.1,-3.21,5.76,4.6,36.6,-8.44,72.8,125,15.13,13.46,28.79,0.5,100.0,83.0,175.0,113.97,2026-09-29
NHPC,74.5,-1.97,-4.3,-3.87,3.57,-12.5,7.1,127,-0.34,-1.01,10.65,-8.42,44.0,84.0,86.59,71.42,2026-09-29
KSL,952.35,-1.28,14.28,12.25,66.73,-4.6,92.1,127,18.15,16.21,52.31,-1.61,95.2,84.0,1032.9,567.48,2026-09-29
GARFIBRES,772.85,-0.08,9.4,6.24,29.64,-8.29,70.9,127,18.28,19.6,30.19,2.96,100.0,84.0,862.34,579.04,2026-09-29
SARDAEN,501.3,1.65,-4.53,-3.33,2.81,-17.87,22.2,126,-5.86,-4.35,9.14,-17.26,13.3,83.0,621.62,485.1,2026-09-29
JITFINFRA,284.15,1.79,-8.87,-7.53,2.64,-27.76,8.7,126,2.46,3.03,19.78,-18.38,60.7,84.0,410.15,270.1,2026-09-29
TVTODAY,105.06,-1.22,-7.48,-7.49,6.07,-18.95,5.5,127,3.86,0.75,28.75,-14.84,66.7,84.0,133.7,97.0,2026-09-29
PVSL,97.66,-1.02,-3.42,-3.02,13.53,-18.99,29.4,126,4.32,4.82,18.2,-7.53,80.7,83.0,124.0,84.5,2026-09-29
PNBHOUSING,1085.0,-0.9,3.96,2.5,44.82,-8.44,62.2,127,18.02,16.15,37.53,-1.2,98.8,84.0,1211.5,743.2,2026-09-29
AGARIND,397.15,-0.19,-13.2,-13.6,10.42,-31.04,5.6,126,12.78,13.15,47.52,-27.49,77.4,84.0,604.99,357.1,2026-09-29
IKIO,199.62,-2.83,15.28,15.09,85.99,-13.86,62.2,127,33.98,33.33,66.94,11.2,100.0,84.0,238.8,103.53,2026-09-29
GOODYEAR,704.05,-0.53,-6.87,-5.94,1.01,-42.99,1.7,118,1.29,4.1,10.98,-36.29,74.1,54.0,1234.96,689.62,2026-09-29
LTFOODS,408.5,-3.28,0.91,-0.23,12.71,-10.79,48.8,127,2.47,0.93,23.28,-12.91,54.8,84.0,489.54,358.25,2026-09-29
TNPL,147.64,-2.61,3.51,3.37,23.74,-6.06,75.4,126,4.07,4.77,20.04,-8.55,75.0,84.0,161.63,118.31,2026-09-29
RSL,167.41,-8.75,19.29,26.21,63.94,-15.4,82.7,127,21.65,20.34,52.73,-0.23,98.6,73.0,202.22,101.42,2026-09-29
ADANIENT,2831.1,-2.93,2.4,-4.61,61.04,-11.86,29.1,127,28.72,24.66,75.2,-4.54,81.0,84.0,3245.0,1752.22,2026-09-29
LUXIND,1124.6,-4.26,-11.0,-10.14,36.43,-35.5,8.7,127,3.13,-10.38,60.33,-29.62,29.8,84.0,1819.85,822.47,2026-09-29
HINDPETRO,342.45,-2.44,-5.83,-6.51,10.46,-12.79,6.3,127,4.08,2.69,23.65,-9.97,57.1,84.0,399.42,302.18,2026-09-29
AMNPLST,166.82,2.25,-7.72,-11.58,29.88,-19.57,19.8,126,12.37,17.5,46.23,-19.66,61.9,84.0,221.34,126.62,2026-09-29
CUPID,264.5,-2.04,61.22,39.26,218.29,-10.3,74.8,127,102.41,108.95,156.09,39.77,100.0,84.0,299.0,82.8,2026-09-29
CENTUM,4571.2,-4.81,34.16,30.53,71.36,-5.92,96.0,126,23.25,26.21,37.07,-4.86,95.2,84.0,4999.5,2648.65,2026-09-29
SYMPHONY,585.95,-0.48,-13.76,-14.52,3.21,-32.34,7.1,127,-12.5,-13.88,0.33,-20.68,1.2,84.0,886.49,562.1,2026-09-29
JASH,588.75,-0.86,27.92,21.9,71.33,-0.86,98.4,126,23.27,20.52,62.24,-1.45,98.8,84.0,603.0,325.95,2026-09-29
CYIENTDLM,917.95,-1.44,81.79,94.54,237.11,-5.97,95.3,127,74.55,72.56,120.05,39.46,100.0,84.0,1009.0,265.2,2026-09-29
CONSOFINVT,276.1,-3.16,11.7,18.37,40.83,-12.6,72.0,125,19.36,20.81,40.19,-3.0,92.8,83.0,318.45,195.06,2026-09-29
DHAMPURSUG,172.42,-1.29,15.75,20.06,29.49,-9.14,91.3,127,11.47,12.7,31.69,-11.82,86.9,84.0,199.92,127.15,2026-09-29
BMWVENTLTD,51.4,-1.48,-11.59,-11.9,5.61,-21.68,3.1,127,-3.47,-5.83,20.57,-15.27,29.8,84.0,67.68,48.0,2026-09-29
SUNDARMFIN,4453.4,-1.21,-2.01,-2.14,10.02,-10.98,23.6,127,-1.74,-0.68,16.32,-26.49,46.4,84.0,5023.51,3979.02,2026-09-29
HINDCOMPOS,379.2,-2.1,-8.87,-8.49,9.4,-22.49,10.3,126,0.15,-1.27,26.8,-11.46,41.7,84.0,547.1,345.27,2026-09-29
TMCV,432.95,-1.94,3.46,2.36,22.18,-10.5,63.8,127,6.71,6.59,28.05,-22.23,64.3,84.0,487.8,353.06,2026-09-29
BAJEL,169.47,-2.12,-6.98,-7.5,23.88,-18.08,10.2,127,8.09,4.45,41.82,-16.81,59.5,84.0,214.77,134.64,2026-09-29
PIDILITIND,1503.0,-0.94,-0.76,-3.6,18.86,-11.67,40.2,127,12.75,14.09,26.05,-5.36,92.9,84.0,1707.5,1250.0,2026-09-29
VBL,430.0,-1.1,-7.64,-7.73,12.32,-20.88,22.8,127,-0.97,-11.56,34.51,-24.48,39.3,84.0,555.18,380.24,2026-09-29
SRHHYPOLTD,570.0,-4.17,15.31,15.68,49.3,-9.19,96.0,125,5.86,5.52,27.15,-15.35,62.7,83.0,670.0,380.18,2026-09-29
PNB,112.6,-3.43,3.49,3.64,16.47,-5.36,67.7,127,5.45,6.26,21.35,-13.53,77.4,84.0,119.5,95.72,2026-09-29
PGHL,5399.5,-0.12,-5.73,-6.66,13.88,-21.34,27.0,126,15.43,25.97,39.03,-13.25,71.4,84.0,6920.56,4670.26,2026-09-29
GLENMARK,2325.7,-2.28,1.88,2.33,11.29,-7.43,63.0,127,3.06,2.3,13.66,-9.12,66.7,84.0,2535.08,1964.55,2026-09-29
M&MFIN,331.75,-0.41,2.04,3.25,23.04,-19.54,59.8,127,15.16,19.55,36.48,-21.47,82.1,84.0,415.0,266.65,2026-09-29
SUVEN,321.65,-3.99,19.29,15.15,144.23,-17.96,63.8,127,60.9,54.66,113.1,16.12,100.0,84.0,403.35,130.0,2026-09-29
ORIENTHOT,138.03,-2.06,18.32,9.44,69.12,-5.35,71.7,127,32.89,33.99,72.09,-1.73,98.8,84.0,148.09,80.71,2026-09-29
ENIL,96.01,-3.09,-9.12,-8.9,-1.59,-20.1,0.0,127,-4.5,-6.67,9.05,-17.09,29.8,84.0,122.54,95.66,2026-09-29
DAVANGERE,2.48,3.33,-21.04,-30.73,41.71,-43.64,17.3,127,-19.93,-12.62,-1.88,-50.84,0.0,84.0,4.59,1.74,2026-09-29
NUVAMA,1640.6,-2.43,2.49,-2.77,45.43,-17.15,41.7,127,28.13,27.35,66.77,-7.37,89.3,84.0,2066.0,1098.99,2026-09-29
ADANIGREEN,1235.0,-4.75,-6.95,-9.4,53.05,-23.03,15.7,127,24.28,10.27,89.83,-17.8,58.3,84.0,1631.5,802.0,2026-09-29
VELJAN,2044.2,-2.41,8.83,8.8,15.28,-2.41,89.7,29,,,,,,,2149.3,1750.3,2026-09-29
METROBRAND,875.15,-0.78,-12.2,-14.22,-0.78,-20.76,0.0,126,-1.58,-2.19,15.68,-17.48,44.0,84.0,1124.4,856.05,2026-09-29
VMART,766.5,0.84,6.66,0.87,60.84,-11.09,54.8,126,26.61,24.81,64.85,-0.13,98.8,84.0,868.9,457.29,2026-09-29
NIRLON,608.0,0.48,1.16,0.37,14.12,-4.22,74.5,110,4.42,3.17,13.71,-1.97,85.1,47.0,641.83,530.47,2026-09-29
SHOPERSTOP,421.8,-0.41,18.37,16.52,46.89,-2.37,93.7,127,19.78,20.58,37.57,0.21,100.0,84.0,442.0,282.85,2026-09-29
AFSL,201.0,0.0,-0.63,-0.06,0.0,-6.0,0.0,125,0.21,-0.0,5.82,-3.59,39.8,83.0,223.0,200.0,2026-09-29
DBOL,122.77,0.43,8.29,8.65,25.43,-9.47,85.7,126,5.07,4.52,29.34,-20.65,63.1,84.0,139.0,97.01,2026-09-29
ENDURANCE,2700.4,2.06,2.8,1.13,23.18,-10.86,61.4,127,11.53,13.28,23.41,-1.57,96.4,84.0,3072.0,2134.01,2026-09-29
GRANULES,851.4,-1.99,8.75,5.15,39.04,-6.37,70.9,127,22.32,19.69,43.19,5.0,100.0,84.0,923.65,600.95,2026-09-29
SWANCORP,289.7,-1.75,-7.76,-7.56,4.66,-18.45,5.5,127,-6.23,-7.3,6.33,-13.63,9.5,84.0,381.96,273.65,2026-09-29
DCMSHRIRAM,944.6,-3.05,-11.07,-8.82,-3.05,-27.16,0.0,127,-6.59,-5.57,4.31,-22.12,16.7,84.0,1319.98,942.0,2026-09-29
CHEMFAB,340.55,-3.43,-10.02,-9.18,16.67,-27.42,2.4,125,-2.81,-5.68,26.92,-21.63,30.1,83.0,516.22,289.35,2026-09-29
TPLPLASTEH,64.9,-1.44,-6.27,-5.26,28.46,-24.1,19.7,127,13.93,15.79,46.05,-8.29,88.1,84.0,88.62,49.06,2026-09-29
BRIGHOTEL,55.52,-1.09,-9.64,-9.7,-0.23,-18.79,0.0,126,-1.91,-3.55,15.05,-15.0,38.1,84.0,69.78,54.36,2026-09-29
BAJAJ-AUTO,11024.0,-2.28,4.82,6.56,27.64,-10.82,63.0,127,13.22,13.84,21.47,4.95,100.0,84.0,12470.0,8504.32,2026-09-29
CARBORUNIV,1247.8,-2.4,18.85,16.57,61.24,-3.76,97.6,127,18.82,12.07,64.04,-9.23,94.0,84.0,1368.9,742.23,2026-09-29
SHARDACROP,729.1,-2.73,-17.14,-17.09,-1.59,-38.04,0.0,126,-14.39,-14.48,2.63,-32.2,6.0,84.0,1225.25,727.0,2026-09-29
PATANJALI,390.8,-3.26,-1.83,-4.94,17.02,-16.5,37.8,127,-17.23,-18.35,-0.5,-28.53,0.0,84.0,479.05,326.06,2026-09-29
DOLLAR,269.5,-0.35,1.17,1.22,22.11,-19.18,61.1,126,1.02,2.49,22.1,-23.53,60.2,83.0,350.27,217.93,2026-09-29
IFGLEXPOR,192.71,-2.4,1.2,-0.75,58.42,-18.03,48.8,127,22.95,23.3,66.13,0.74,100.0,84.0,245.17,118.36,2026-09-29
LOTUSDEV,208.05,-4.56,34.64,42.66,103.06,-7.1,91.3,127,27.22,28.25,60.81,-2.95,96.4,84.0,225.48,101.82,2026-09-29
ELIN,87.29,-1.45,-17.34,-16.09,0.16,-34.68,0.8,126,-12.7,-13.2,7.99,-26.67,2.4,83.0,136.0,83.97,2026-09-29
PSB,21.31,-2.34,-9.78,-10.12,4.79,-16.76,0.8,127,-0.35,-1.84,17.86,-11.7,38.1,84.0,25.92,20.18,2026-09-29
MRF,123425.0,-0.49,-5.05,-5.14,0.85,-11.59,4.7,127,0.32,0.19,9.02,-11.05,52.4,84.0,140549.69,121787.44,2026-09-29
ADANIENSOL,1287.9,-3.78,-10.32,-13.63,37.76,-26.05,11.8,127,25.24,21.53,67.4,-13.35,75.0,84.0,1789.0,903.15,2026-09-29
SAKSOFT,141.81,0.2,-5.96,-3.3,29.71,-31.17,29.1,127,17.13,16.3,88.45,-22.58,94.0,84.0,216.62,107.24,2026-09-29
BOSCHLTD,47020.0,-2.55,16.76,17.04,64.65,-5.96,79.2,125,23.29,24.58,39.37,7.27,100.0,83.0,50000.0,28422.96,2026-09-29
KPITTECH,509.0,-2.0,-20.85,-19.64,-1.52,-36.57,0.0,127,-13.98,-20.4,19.79,-29.81,23.8,84.0,819.08,506.0,2026-09-29
MANAPPURAM,313.0,-6.29,-1.48,-2.32,25.21,-15.58,31.5,127,16.31,17.08,33.82,-3.41,96.4,84.0,380.46,246.7,2026-09-29
TIL,252.32,0.48,18.5,17.87,54.27,-3.87,89.8,127,16.7,19.09,43.6,-15.62,84.5,84.0,271.94,161.25,2026-09-29
KALAMANDIR,78.14,1.23,-17.42,-20.55,1.76,-33.59,3.1,127,-8.89,-14.23,23.06,-29.16,33.3,84.0,121.66,76.2,2026-09-29
EXCELSOFT,84.13,-2.87,4.45,4.94,26.09,-14.48,66.1,127,-6.24,-7.04,15.69,-27.93,39.3,84.0,101.0,66.4,2026-09-29
VISHNU,691.95,-0.82,13.59,14.78,41.69,-5.41,88.2,127,13.09,14.75,28.96,-2.86,94.0,84.0,744.0,482.77,2026-09-29
THELEELA,547.9,0.32,17.17,15.12,34.74,-4.77,90.4,125,17.81,16.52,40.52,-6.61,90.4,83.0,582.85,390.0,2026-09-29
CASTROLIND,201.04,-0.31,11.27,12.43,19.73,-0.31,99.2,127,4.16,4.11,12.43,-0.1,97.6,84.0,203.4,167.7,2026-09-29
TASTYBITE,9633.0,-2.26,14.83,13.38,47.63,-7.3,75.6,127,24.5,25.32,40.25,9.28,100.0,84.0,10544.0,6517.98,2026-09-29
KPRMILL,1101.2,-0.47,6.4,2.19,33.05,-9.42,58.7,126,19.89,19.26,42.73,-7.47,90.4,83.0,1331.08,811.37,2026-09-29
LANDMARK,475.9,-2.59,6.81,10.06,33.24,-16.5,59.5,126,22.57,19.45,53.76,-0.37,97.6,83.0,583.16,351.99,2026-09-29
STARCEMENT,182.42,-2.25,-11.95,-12.16,-0.91,-23.53,0.0,127,-6.4,-7.73,6.66,-14.76,25.0,84.0,242.98,180.12,2026-09-29
SURAJEST,217.27,-2.02,6.53,7.75,28.8,-12.17,73.0,126,-5.79,-6.32,15.73,-21.44,20.5,83.0,267.08,165.0,2026-09-29
RICOAUTO,127.36,-3.68,0.72,-1.16,27.28,-17.91,43.3,127,14.16,15.27,43.55,-12.79,82.1,84.0,157.32,98.84,2026-09-29
GPTINFRA,116.27,1.61,0.06,0.57,21.17,-14.23,57.9,126,5.0,1.0,39.01,-13.59,54.8,84.0,150.0,95.41,2026-09-29
SALSTEEL,93.03,-0.61,55.25,57.97,152.8,-0.61,99.2,125,29.1,33.66,70.76,-6.46,91.6,83.0,96.9,35.21,2026-09-29
GILLETTE,6925.5,-2.07,-9.2,-9.52,-1.19,-15.62,0.0,127,-2.8,-3.06,5.87,-10.02,21.4,84.0,8366.02,6900.5,2026-09-29
HONDAPOWER,1862.8,-2.74,-11.93,-11.92,1.96,-20.31,0.8,125,-2.49,-6.45,18.07,-14.79,31.3,83.0,2397.59,1796.81,2026-09-29
SYNGENE,376.0,-0.71,-10.55,-10.35,1.88,-21.85,0.8,127,-4.11,-8.1,13.04,-17.25,36.9,84.0,517.09,360.4,2026-09-29
GCSL,667.35,2.13,50.25,53.54,103.0,2.13,100.0,125,36.71,37.88,59.91,11.98,100.0,83.0,670.5,318.61,2026-09-29
GREAVESCOT,230.4,-1.87,22.94,19.84,92.59,-11.88,85.0,127,31.47,23.85,82.39,-5.81,94.0,84.0,269.69,119.01,2026-09-29
ICEMAKE,648.75,-2.27,-15.45,-15.71,-2.19,-26.54,0.0,126,-1.4,-2.38,19.61,-18.04,37.3,83.0,917.05,645.9,2026-09-29
ARROWGREEN,891.85,-1.54,43.66,47.35,96.73,-2.32,95.3,127,41.13,41.66,67.53,15.31,100.0,84.0,952.75,377.66,2026-09-29
EUREKAFORB,361.3,-2.58,-20.0,-20.99,-2.58,-32.25,0.0,127,-6.74,-7.36,9.1,-20.37,23.8,84.0,541.75,359.0,2026-09-29
MUKANDLTD,171.03,2.38,26.43,26.13,45.99,2.38,100.0,127,5.21,3.37,33.24,-7.24,79.8,84.0,173.95,112.59,2026-09-29
SAGILITY,43.45,-2.77,2.72,3.44,11.67,-7.65,74.0,127,4.68,2.76,18.09,-5.74,71.4,84.0,47.49,38.43,2026-09-29
STYLAMIND,3281.3,-2.61,11.24,1.1,51.63,-12.18,59.1,127,33.84,40.56,59.9,-3.21,94.0,84.0,4150.0,2150.0,2026-09-29
TRENT,2626.0,-1.62,-8.04,-7.96,19.69,-21.47,7.1,127,10.28,8.64,49.62,-19.41,83.3,84.0,3399.7,2180.44,2026-09-29
WELINV,2451.0,-1.96,38.1,35.64,94.52,-1.96,97.6,125,29.06,31.58,50.0,2.27,100.0,83.0,2499.9,1170.0,2026-09-29
OMPOWER,162.71,-3.63,-7.76,-6.43,2.23,-19.86,2.6,115,-8.65,-8.01,3.43,-18.23,7.8,51.0,206.0,158.01,2026-09-29
HEIDELBERG,131.45,-2.61,-11.58,-12.26,-0.03,-16.16,0.0,127,0.95,0.81,11.38,-10.24,59.5,84.0,158.68,130.1,2026-09-29
ABFRL,47.59,-3.15,-18.69,-20.19,-0.98,-29.8,0.0,127,-7.82,-9.37,9.11,-20.31,22.6,84.0,69.09,47.25,2026-09-29
CRAFTSMAN,10534.0,-1.87,14.91,13.54,56.38,-11.11,77.0,126,25.78,24.33,45.45,12.34,100.0,84.0,11999.0,6656.88,2026-09-29
SAIPARENT,509.95,1.19,-2.12,-2.56,25.7,-18.25,37.1,124,10.68,11.13,53.76,-15.57,71.4,63.0,706.0,400.0,2026-09-29
EMMVEE,315.55,-1.97,4.71,-2.2,45.61,-13.36,34.6,127,27.81,24.26,75.06,-6.28,82.1,84.0,370.41,209.4,2026-09-29
CAMLINFINE,95.4,-1.95,-18.71,-22.24,-1.09,-32.41,0.0,127,-1.57,-4.18,37.6,-30.65,40.5,84.0,146.5,95.1,2026-09-29
THEINVEST,92.37,-1.59,-7.1,-5.93,1.34,-26.69,1.6,126,-3.88,-3.21,7.75,-20.02,26.2,84.0,137.8,89.0,2026-09-29
CDSL,1289.0,-2.2,-0.9,-2.83,16.2,-10.11,34.6,127,8.37,8.51,20.99,-2.96,92.9,84.0,1445.0,1106.21,2026-09-29
SAILIFE,1582.8,-0.59,28.62,28.71,67.55,-5.53,89.8,127,27.02,27.8,41.02,8.43,100.0,84.0,1697.0,927.05,2026-09-29
HATSUN,1119.4,-3.94,16.26,20.57,28.93,-12.2,82.5,126,7.42,1.4,40.23,-12.39,61.9,84.0,1349.7,864.5,2026-09-29
SHALBY,143.25,-2.63,-10.37,-11.64,12.97,-18.99,7.1,127,2.53,0.4,38.58,-20.9,52.4,84.0,182.27,125.82,2026-09-29
OCCLLTD,174.52,4.09,41.61,36.75,122.61,-2.18,99.2,126,44.62,43.31,79.01,13.33,100.0,84.0,181.04,76.85,2026-09-29
IRISDOREME,62.78,-5.09,46.41,50.66,107.33,-5.25,94.4,125,45.99,42.45,73.56,13.51,100.0,83.0,68.0,26.35,2026-09-29
SYRMA,1746.4,0.8,42.64,28.92,126.13,0.26,100.0,127,46.91,40.68,80.61,16.16,100.0,84.0,1803.9,764.42,2026-09-29
RPSGVENT,842.05,0.57,-6.01,-5.78,5.23,-24.58,14.3,126,5.15,-4.59,55.98,-22.16,37.3,83.0,1179.0,777.1,2026-09-29
TRITURBINE,551.65,-0.46,-6.9,-7.42,25.85,-25.35,11.8,127,12.55,7.24,69.4,-24.38,63.1,84.0,784.88,428.71,2026-09-29
CONTROLPR,599.2,1.25,-2.03,-1.5,15.31,-15.01,35.7,126,-2.21,-2.98,24.09,-15.58,25.0,84.0,721.19,512.2,2026-09-29
FDC,343.6,0.76,-8.25,-7.02,7.01,-20.88,12.7,126,4.62,4.21,32.0,-19.95,54.8,84.0,442.0,312.95,2026-09-29
MVGJL,215.94,-3.76,32.01,36.56,63.63,-3.76,98.4,126,6.88,-0.21,56.04,-13.64,48.8,84.0,233.99,129.1,2026-09-29
SATIA,68.1,1.64,12.7,13.16,33.91,-7.98,90.4,125,-1.53,-6.58,30.36,-20.86,32.5,83.0,74.94,50.5,2026-09-29
YATHARTH,1100.4,-1.87,30.27,31.12,78.41,-5.32,95.3,127,18.15,18.99,39.12,-1.3,96.4,84.0,1184.0,615.14,2026-09-29
MARICO,813.25,-0.7,-0.56,-1.57,11.01,-8.14,34.6,127,6.3,4.96,15.08,-2.74,89.3,84.0,889.1,725.63,2026-09-29
NRAIL,647.6,-4.38,35.22,38.41,63.16,-4.38,97.6,127,11.72,7.97,50.05,-10.48,78.6,84.0,706.4,386.7,2026-09-29
CSLFINANCE,212.07,-1.45,-2.84,-2.46,4.86,-12.12,22.2,126,-3.72,-5.32,12.4,-13.31,21.4,84.0,247.3,201.0,2026-09-29
BIRLAMONEY,115.31,-2.99,-13.67,-14.38,19.21,-26.93,4.0,126,2.06,-5.52,46.45,-18.59,38.1,84.0,163.49,95.0,2026-09-29
ALEMBICLTD,106.91,0.36,19.52,21.4,54.84,-4.04,95.3,127,9.71,9.8,31.32,-8.28,73.8,84.0,117.72,68.62,2026-09-29
LLOYDSME,1836.3,-0.09,3.61,2.1,44.48,-12.61,70.9,127,19.16,16.06,54.54,-3.19,94.0,84.0,2125.0,1233.66,2026-09-29
TEJASNET,491.1,-2.53,-3.24,-5.63,27.15,-22.34,28.3,127,17.17,20.15,58.58,-19.09,79.8,84.0,644.75,382.25,2026-09-29
MUNJALSHOW,124.26,-3.82,-3.04,-3.6,16.11,-11.29,19.7,127,4.85,4.59,15.93,-4.58,84.5,84.0,143.3,106.86,2026-09-29
OMINFRAL,78.75,-0.35,-9.03,-9.4,0.54,-20.51,2.4,127,-2.38,-3.25,10.58,-12.64,31.0,84.0,101.79,76.93,2026-09-29
BIGBLOC,39.37,-1.6,-16.6,-17.49,2.79,-34.23,1.6,126,-8.47,-6.29,29.4,-23.41,19.3,83.0,61.99,38.0,2026-09-29
OSWALGREEN,19.57,-2.1,-14.64,-13.45,2.78,-33.16,2.4,127,-13.61,-15.66,14.07,-28.13,9.5,84.0,30.25,18.55,2026-09-29
BHAGCHEM,241.1,-1.83,-6.86,-8.43,40.69,-19.92,12.8,125,18.59,15.36,69.74,-14.76,79.5,83.0,316.9,170.5,2026-09-29
ACCELYA,1099.9,-0.91,-2.97,-2.75,7.35,-9.13,3.1,127,-1.54,-1.37,7.4,-8.69,29.8,84.0,1220.0,1012.4,2026-09-29
MBAPL,166.81,-0.99,32.27,44.62,81.3,-1.6,93.7,127,37.56,41.9,59.75,5.19,100.0,84.0,174.94,90.77,2026-09-29
TEMBO,57.75,-0.91,0.63,0.52,23.45,-12.37,54.3,127,2.75,4.13,22.53,-15.1,59.5,84.0,68.85,43.33,2026-09-29
LMW,16966.0,-0.97,6.68,6.47,41.73,-15.37,72.8,125,17.35,16.13,40.29,3.97,100.0,83.0,20151.0,11893.88,2026-09-29
AXISBANK,1209.9,-1.02,-5.47,-4.51,4.27,-12.54,3.1,127,-0.43,-2.24,16.83,-13.78,31.0,84.0,1399.02,1149.41,2026-09-29
LICHSGFIN,564.15,-0.33,5.95,5.2,16.2,-1.85,92.1,127,1.85,2.78,19.06,-14.62,67.9,84.0,586.43,482.51,2026-09-29
AGARWALEYE,503.6,0.72,6.06,5.0,23.87,-10.18,84.0,125,9.53,9.97,20.91,0.49,100.0,83.0,567.75,401.0,2026-09-29
STEELCAS,370.75,-1.53,22.73,23.48,64.64,-1.53,99.2,126,18.92,19.4,39.72,-2.92,98.8,84.0,390.9,221.05,2026-09-29
POWERGRID,261.85,-2.84,-8.25,-8.07,-0.36,-18.02,0.0,127,-7.09,-6.97,-0.6,-13.72,0.0,84.0,323.44,261.7,2026-09-29
DRREDDY,1221.0,1.67,-1.04,-0.31,7.52,-10.68,47.2,127,-4.32,-6.81,13.25,-15.64,23.8,84.0,1405.98,1101.0,2026-09-29
AARTIPHARM,914.0,-2.72,26.42,29.9,54.78,-2.78,97.6,127,11.67,10.14,42.27,-16.16,70.2,84.0,962.0,583.59,2026-09-29
UPL,549.5,-0.1,-8.56,-8.79,-0.02,-17.07,0.0,127,-5.66,-6.0,5.2,-14.43,11.9,84.0,676.06,542.85,2026-09-29
MEDPLUS,653.0,-0.29,-16.17,-20.57,0.57,-31.54,0.8,126,-13.64,-20.13,9.87,-31.2,21.4,84.0,1022.2,645.0,2026-09-29
BATAINDIA,624.7,-0.81,-6.55,-6.34,7.75,-17.13,1.6,127,0.54,1.13,21.91,-15.55,54.8,84.0,766.65,577.4,2026-09-29
FAIRCHEMOR,675.0,0.51,6.73,7.19,56.11,-20.29,70.4,125,21.17,17.86,55.34,-1.85,98.8,83.0,846.8,427.44,2026-09-29
SOLARWORLD,131.49,-2.42,-26.24,-29.73,0.05,-41.02,0.8,127,-5.83,-4.9,28.58,-32.66,41.7,84.0,242.0,128.16,2026-09-29
WEL,73.72,-1.21,-24.2,-26.06,6.56,-52.72,6.3,126,0.78,3.55,66.49,-33.76,51.8,83.0,179.2,68.01,2026-09-29
GRSE,2245.3,-3.18,-13.97,-14.04,14.14,-27.22,0.8,127,1.09,-2.7,38.19,-17.88,39.3,84.0,3329.44,1958.08,2026-09-29
GODREJCP,868.0,-1.36,-13.12,-15.2,1.28,-23.26,6.3,127,-5.14,-5.56,10.39,-16.7,28.6,84.0,1136.05,855.15,2026-09-29
JSWINFRA,348.75,-3.67,15.15,9.31,49.29,-5.13,95.3,127,20.81,22.69,38.03,2.03,100.0,84.0,375.5,232.72,2026-09-29
UDS,207.84,-0.03,13.02,11.81,63.85,-13.05,78.4,125,24.55,24.84,47.44,4.96,100.0,83.0,240.3,124.49,2026-09-29
QUICKHEAL,143.4,-2.48,-12.22,-13.14,14.24,-33.44,12.6,127,-4.28,-7.53,38.86,-33.81,35.7,84.0,243.25,125.0,2026-09-29
BALAJITELE,93.87,0.02,2.43,2.51,32.01,-23.83,74.0,127,-2.04,1.39,24.12,-30.44,52.4,84.0,131.0,69.52,2026-09-29
TATAINVEST,644.45,-1.1,-3.34,-3.42,19.7,-11.57,17.3,127,1.35,-1.13,23.85,-11.7,45.2,84.0,758.34,536.09,2026-09-29
REPCOHOME,346.75,-0.27,-8.89,-9.66,0.97,-19.32,3.9,127,-0.72,-3.9,20.78,-17.04,40.5,84.0,436.26,337.83,2026-09-29
NYKAA,325.5,-2.46,9.8,5.46,38.51,-6.88,63.8,127,21.34,23.74,32.28,2.59,100.0,84.0,349.55,232.05,2026-09-29
KABRAEXTRU,863.15,1.98,180.65,222.93,371.67,1.98,100.0,126,89.62,61.24,245.44,-5.0,92.9,84.0,888.7,182.05,2026-09-29
JYOTHYLAB,189.66,-0.74,-8.52,-5.89,0.29,-28.09,1.6,127,-7.41,-5.58,6.5,-23.81,21.4,84.0,272.95,188.1,2026-09-29
TATATECH,707.05,0.57,1.7,-2.46,40.99,-19.58,36.2,127,25.09,29.31,47.14,-6.05,90.5,84.0,891.0,499.73,2026-09-29
BANKBARODA,227.5,-3.3,-10.15,-9.59,-2.07,-20.47,0.0,127,-5.35,-6.6,13.74,-18.32,19.0,84.0,287.2,227.5,2026-09-29
MAFATIND,115.41,-1.29,-10.86,-11.47,-1.29,-22.35,0.0,111,-5.82,-4.77,-0.41,-18.93,0.0,48.0,156.29,113.4,2026-09-29
TARC,126.53,-2.19,-0.96,-1.75,13.39,-9.85,38.4,125,-1.42,-1.65,13.32,-16.18,42.2,83.0,142.7,109.1,2026-09-29
HCG,691.2,-1.07,7.79,6.0,31.61,-7.25,76.4,127,14.31,14.4,24.64,6.06,100.0,84.0,775.0,513.3,2026-09-29
KAPSTON,537.8,0.39,36.51,47.36,92.04,-8.6,81.0,126,46.25,45.82,79.5,13.1,100.0,83.0,616.2,271.1,2026-09-29
VSSL,407.75,-0.91,38.95,45.56,97.59,-1.41,96.8,126,24.8,22.43,48.24,1.23,100.0,84.0,428.25,204.38,2026-09-29
HMAAGRO,24.02,0.17,6.53,7.21,20.22,-5.13,80.2,126,-6.8,-8.68,9.58,-15.77,15.5,84.0,27.0,19.09,2026-09-29
SWANDEF,2631.3,-1.81,22.52,19.19,66.05,-5.22,89.6,125,22.48,24.85,44.44,-17.4,88.0,83.0,2804.9,1505.4,2026-09-29
SUMICHEM,433.75,-2.82,-8.39,-8.16,19.3,-23.22,14.2,127,14.38,15.69,31.05,-4.27,97.6,84.0,572.05,361.73,2026-09-29
PROSTARM,136.33,-3.43,-1.61,-1.27,18.13,-19.83,43.3,127,-3.85,-4.57,18.49,-22.46,32.1,84.0,179.0,114.64,2026-09-29
MOREPENLAB,120.71,0.27,115.12,127.28,259.0,-1.34,97.6,127,77.61,63.52,177.3,9.67,100.0,84.0,126.8,33.0,2026-09-29
ELITECON,8.63,-4.96,-11.8,-5.48,15.84,-49.62,37.9,29,,,,,,,17.25,7.08,2026-09-29
MOLDTKPAC,649.4,-3.05,-0.15,-4.49,38.34,-10.34,24.4,127,16.64,18.55,52.57,-7.84,73.8,84.0,741.69,461.32,2026-09-29
HITECHGEAR,648.85,4.93,10.31,11.82,23.0,-8.46,92.0,125,-1.41,-4.71,26.32,-9.29,24.1,83.0,720.0,521.25,2026-09-29
GOPAL,254.8,-2.36,-7.8,-7.68,2.21,-23.52,3.2,126,-3.4,-4.94,11.66,-17.79,25.3,83.0,342.54,248.0,2026-09-29
ONWARDTEC,285.0,-0.92,7.32,2.43,39.44,-4.31,72.8,125,14.43,14.17,36.57,-0.87,98.8,83.0,308.85,202.55,2026-09-29
SUNPHARMA,1838.0,-0.77,-0.42,-1.24,13.73,-8.15,36.2,127,6.26,4.91,20.11,-2.16,84.5,84.0,2046.9,1609.38,2026-09-29
IFBAGRO,844.0,-1.7,-9.39,-8.91,22.88,-24.81,4.8,126,8.06,10.2,35.61,-13.27,60.2,83.0,1175.4,686.85,2026-09-29
HEG,240.0,-1.78,-45.67,-63.92,11.6,-67.53,17.6,51,,,,,,,753.9,214.1,2026-09-29
AARTIIND,476.6,-2.59,-0.41,-1.64,19.67,-12.08,37.8,127,8.59,10.07,20.86,-5.45,84.5,84.0,550.66,393.82,2026-09-29
IPL,131.56,-1.76,-12.17,-12.46,5.51,-26.15,0.8,126,-2.12,-2.62,34.13,-20.48,44.0,84.0,192.96,124.33,2026-09-29
RAYMOND,1179.95,-1.4,109.4,99.57,266.61,-1.99,98.4,127,48.78,45.71,103.25,13.12,100.0,84.0,1236.0,320.0,2026-09-29
STALLION,221.54,-1.87,19.28,15.75,116.2,-18.01,72.4,127,47.62,52.15,81.73,7.34,100.0,84.0,279.0,101.55,2026-09-29
MGEL,15.97,-0.13,8.74,6.32,43.83,-5.44,74.0,127,21.22,15.44,66.23,-8.2,76.2,84.0,17.38,10.99,2026-09-29
MANINDS,953.35,-6.57,67.2,71.76,199.47,-6.57,97.6,127,34.56,32.71,82.71,-7.39,89.3,84.0,1039.7,315.55,2026-09-29
SATIN,234.4,-0.95,9.24,4.42,67.58,-12.82,71.4,126,31.22,42.44,79.3,-10.17,73.5,83.0,274.14,136.0,2026-09-29
GOKULAGRO,216.16,-2.58,-3.08,-4.36,19.88,-14.51,27.6,127,8.06,2.86,47.96,-9.9,66.7,84.0,259.8,175.8,2026-09-29
DCW,46.81,-3.92,0.76,0.34,25.28,-9.16,56.7,127,3.87,0.65,35.21,-10.98,52.4,84.0,53.26,36.95,2026-09-29
DODLA,1008.7,-2.95,-6.42,-6.91,4.32,-12.26,1.6,125,1.97,0.99,15.61,-9.65,55.4,83.0,1174.49,960.82,2026-09-29
VIVIANA,710.65,-1.24,-8.09,-7.52,13.88,-27.73,17.5,126,-0.11,-9.89,39.29,-26.3,38.1,84.0,1036.58,620.25,2026-09-29
FMGOETZE,458.65,-4.96,15.1,16.98,39.72,-13.32,88.9,126,14.27,10.71,48.47,-1.97,95.2,84.0,542.9,315.87,2026-09-29
PAGEIND,37500.0,-0.52,-0.26,-0.18,19.14,-13.54,48.4,126,7.95,7.28,34.22,-12.36,64.3,84.0,43614.21,30966.62,2026-09-29
PFIZER,3968.0,-0.82,-13.21,-14.22,-0.77,-20.92,0.0,126,-2.0,-3.42,10.52,-10.29,33.3,84.0,5149.0,3952.0,2026-09-29
INDIACEM,312.4,-3.31,-18.12,-18.6,-3.31,-28.2,0.0,127,-2.44,-2.9,11.02,-17.28,29.8,84.0,469.9,310.8,2026-09-29
ISGEC,886.45,-0.46,-0.5,-1.18,22.01,-18.42,42.9,126,-11.78,-13.39,8.39,-32.56,26.2,84.0,1105.4,716.99,2026-09-29
KSHINTL,984.55,-4.92,25.92,15.94,124.4,-16.33,79.5,127,57.22,50.11,134.13,11.36,100.0,84.0,1198.0,435.0,2026-09-29
BUTTERFLY,564.05,-0.47,-13.29,-12.87,0.31,-27.7,0.8,127,4.78,5.37,26.3,-16.57,53.6,84.0,788.95,559.75,2026-09-29
MATRIMONY,521.35,-2.62,17.62,22.11,36.26,-6.6,83.2,125,12.36,3.35,42.65,-10.04,73.5,83.0,561.95,380.73,2026-09-29
SSWL,388.65,2.61,55.62,66.18,128.98,2.61,100.0,127,39.82,39.57,70.45,10.79,100.0,84.0,394.3,168.31,2026-09-29
HMT,59.04,-3.7,-3.83,-3.87,10.6,-17.26,24.8,125,3.46,1.68,27.59,-21.06,60.2,83.0,72.95,53.0,2026-09-29
MCX,3263.5,-1.85,11.27,13.1,36.92,-4.95,79.5,127,6.17,9.57,24.02,-14.84,66.7,84.0,3481.4,2339.27,2026-09-29
RACLGEAR,1613.1,-4.35,17.88,20.67,33.81,-12.92,90.5,126,10.63,8.11,42.46,-12.77,78.6,84.0,1927.7,1181.6,2026-09-29
DECCANCE,542.55,-1.99,-7.82,-5.9,0.01,-19.45,0.8,126,-8.61,-9.56,9.79,-17.14,3.6,84.0,694.39,524.54,2026-09-29
VSTIND,204.0,-0.26,-11.13,-13.25,6.8,-20.39,6.3,127,-1.04,-10.0,30.2,-18.49,38.1,84.0,273.79,190.94,2026-09-29
BELRISE,248.62,0.28,10.42,8.82,34.0,-4.64,95.3,127,12.71,10.75,36.46,-4.31,89.3,84.0,267.55,183.77,2026-09-29
MOTHERSON,162.37,-2.02,13.97,12.26,54.79,-4.87,77.2,127,21.71,18.95,43.28,7.3,100.0,84.0,173.27,102.64,2026-09-29
RBA,91.61,-0.97,22.35,32.66,59.99,-13.94,73.0,126,26.65,26.67,56.45,1.79,100.0,84.0,111.15,57.15,2026-09-29
FLUOROCHEM,4443.7,0.05,12.15,13.76,46.84,-7.1,64.6,127,23.02,22.2,41.0,6.17,100.0,84.0,4955.62,2923.16,2026-09-29
OLECTRA,1173.8,-2.77,-8.33,-8.01,21.54,-23.63,6.3,127,14.68,9.58,55.2,-21.11,75.0,84.0,1555.21,962.71,2026-09-29
CHEVIOT,1187.9,0.43,6.41,6.76,34.22,-10.65,90.5,126,6.92,7.17,23.71,-11.29,83.1,83.0,1341.14,878.76,2026-09-29
ASHAPURMIN,502.6,-0.77,-18.94,-21.83,9.79,-31.88,3.9,127,7.93,9.78,48.83,-27.4,58.3,84.0,785.04,453.39,2026-09-29
INDUSTOWER,360.0,-3.91,-7.69,-7.22,-2.11,-15.5,0.0,127,-5.85,-5.84,0.17,-11.88,2.4,84.0,433.1,355.55,2026-09-29
KANSAINER,177.48,-1.74,-11.6,-11.99,7.4,-19.13,3.2,126,3.15,0.43,35.38,-15.05,52.4,84.0,222.75,164.05,2026-09-29
ADVANCE,121.5,-1.32,10.45,9.05,43.01,-9.4,92.9,126,9.74,12.77,28.25,-7.98,79.8,84.0,141.5,84.1,2026-09-29
RADICO,4478.3,-1.73,18.58,15.31,71.1,-5.38,79.5,127,32.26,30.52,55.9,15.77,100.0,84.0,4747.0,2562.41,2026-09-29
THYROCARE,548.3,-3.27,8.85,3.06,58.9,-15.56,59.1,127,31.47,36.62,59.19,2.78,100.0,84.0,662.0,342.34,2026-09-29
TVSSCS,128.5,-1.35,3.27,0.41,41.26,-9.29,51.6,126,16.2,14.85,47.81,-6.81,83.3,84.0,146.5,90.32,2026-09-29
TFCILTD,139.68,0.99,60.14,79.0,120.77,-4.79,85.8,127,46.57,37.2,95.1,8.91,100.0,84.0,147.65,61.58,2026-09-29
GLOTTIS,62.44,-4.85,0.66,-4.17,63.71,-11.19,37.8,127,19.51,13.3,74.93,-14.78,66.7,84.0,73.92,37.0,2026-09-29
PNGJL,585.35,-3.33,-2.26,-2.69,12.3,-19.58,35.4,127,2.42,1.13,16.6,-11.93,56.0,84.0,736.4,509.0,2026-09-29
DALMIASUG,414.8,-3.25,10.19,11.18,28.76,-18.36,80.2,126,12.4,9.72,47.53,-17.4,66.7,84.0,520.0,320.56,2026-09-29
BANKINDIA,129.99,-5.76,-7.81,-8.19,-2.01,-12.22,0.0,127,0.4,1.1,7.57,-12.14,57.1,84.0,151.0,129.31,2026-09-29
TAALTECH,1069.1,-1.5,11.87,17.94,27.39,-9.81,72.4,29,,,,,,,1234.0,833.88,2026-09-29
RPGLIFE,2955.1,-3.13,23.65,23.53,60.65,-3.13,95.3,127,26.07,22.15,56.72,8.97,100.0,84.0,3127.8,1775.75,2026-09-29
CONCORDBIO,1392.7,-4.19,10.41,8.93,37.87,-12.27,70.1,127,21.73,21.67,43.1,0.02,100.0,84.0,1615.0,981.13,2026-09-29
GMBREW,966.6,-1.25,4.32,5.27,11.91,-7.97,86.6,127,-3.69,-5.0,9.0,-12.07,21.4,84.0,1073.44,852.55,2026-09-29
CANHLIFE,147.78,-1.94,1.99,2.24,10.09,-6.01,61.4,127,4.26,5.13,14.96,-6.19,66.7,84.0,166.25,131.85,2026-09-29
ORIENTCEM,119.43,-2.23,-11.34,-11.94,-1.82,-19.11,0.0,126,-3.26,-3.82,10.19,-10.73,19.0,84.0,152.06,119.11,2026-09-29
IMAGICAA,51.29,-1.91,8.62,8.93,36.92,-14.81,83.3,126,11.43,10.22,35.82,-5.69,85.7,84.0,62.0,37.0,2026-09-29
BHARATFORG,1957.0,-2.54,-1.42,-1.5,19.5,-13.61,44.9,127,11.06,11.12,30.82,-9.58,86.9,84.0,2295.0,1605.33,2026-09-29
SAMMAANCAP,138.82,-1.27,-11.49,-10.92,0.41,-24.67,0.8,127,5.23,9.58,37.22,-21.13,66.7,84.0,192.34,134.75,2026-09-29
SMSPHARMA,462.15,-2.71,18.0,18.86,30.79,-4.39,94.4,126,0.07,-3.49,27.71,-16.29,40.5,84.0,494.45,348.95,2026-09-29
BORANA,296.2,2.85,-7.74,-7.43,2.85,-24.71,3.2,126,-6.29,-5.32,5.72,-20.34,9.5,84.0,394.9,280.1,2026-09-29
MOBIKWIK,199.06,-0.78,-0.32,-0.4,28.37,-13.57,47.2,127,4.99,4.65,29.06,-12.89,70.2,84.0,243.5,151.46,2026-09-29
GANDHAR,262.05,0.15,43.21,44.17,126.46,-6.36,86.6,127,53.5,55.41,105.9,18.12,100.0,84.0,300.37,113.94,2026-09-29
VINCOFE,179.97,-2.27,19.27,17.92,42.92,-3.04,96.9,127,15.59,14.9,29.76,6.52,100.0,84.0,191.35,122.82,2026-09-29
NSIL,5398.5,-1.27,-3.07,-3.37,14.12,-9.35,7.1,126,0.21,-0.64,16.19,-7.45,44.6,83.0,6050.0,4700.0,2026-09-29
WELCORP,2739.7,-3.27,82.11,85.42,238.23,-3.27,96.9,127,67.11,72.81,100.53,30.73,100.0,84.0,2838.0,802.78,2026-09-29
ZFSTEERING,729.7,-2.82,4.38,6.26,13.61,-14.67,80.5,113,-5.11,-4.69,19.06,-22.65,36.0,50.0,894.98,620.65,2026-09-29
UNIONBANK,171.75,-4.69,0.27,0.73,11.29,-9.13,56.7,127,4.17,4.71,22.4,-14.39,61.9,84.0,192.33,151.73,2026-09-29
WAKEFIT,138.57,-1.97,3.49,5.36,22.58,-10.8,58.3,127,-3.92,-9.11,37.42,-37.06,34.5,84.0,168.85,111.4,2026-09-29
NMDC,77.43,-3.09,-10.02,-9.64,1.52,-19.38,0.8,127,-0.37,-4.39,25.2,-11.1,31.0,84.0,97.49,75.61,2026-09-29
PRIVISCL,3605.3,0.31,6.58,4.33,24.76,-3.61,79.4,126,12.11,11.22,28.25,-3.29,94.0,83.0,3774.71,2828.16,2026-09-29
DPABHUSHAN,1388.2,-2.08,22.32,24.41,56.42,-9.46,72.2,126,26.74,30.39,63.9,-13.55,70.2,84.0,1568.3,866.1,2026-09-29
KPEL,220.54,-0.85,-27.04,-31.68,5.01,-46.02,4.7,127,-8.33,-15.13,37.85,-40.78,35.7,84.0,433.53,206.3,2026-09-29
EKC,107.03,-2.95,-4.0,-4.63,18.58,-14.59,22.8,127,-1.06,-3.56,28.96,-20.15,33.3,84.0,133.07,89.62,2026-09-29
NSLNISP,41.78,-0.92,-3.7,-3.4,25.84,-20.49,20.5,127,6.18,1.34,36.98,-13.49,60.7,84.0,53.75,33.01,2026-09-29
COCKERILL,7824.5,-1.65,2.74,-5.57,53.83,-23.96,26.5,113,29.36,22.98,91.62,-20.9,61.2,49.0,10871.5,5015.25,2026-09-29
RATNAVEER,330.95,-0.9,73.57,83.38,152.06,-1.08,96.9,127,39.11,28.47,94.25,8.03,100.0,84.0,343.75,130.5,2026-09-29
HATHWAY,9.37,-5.64,-12.71,-13.16,5.64,-23.2,0.8,127,2.04,-0.05,31.04,-18.28,50.0,84.0,12.89,8.76,2026-09-29
INDIAGLYCO,297.5,-4.0,-59.86,-70.2,25.95,-75.28,11.0,127,-5.77,11.62,22.1,-76.06,72.6,84.0,1219.0,217.0,2026-09-29
ARVIND,543.6,-0.99,12.29,5.91,61.78,-6.67,76.4,127,29.63,31.88,73.34,-0.62,97.6,84.0,607.15,332.34,2026-09-29
TATAPOWER,361.9,-1.52,-7.35,-5.42,4.29,-21.15,3.9,127,-6.3,-7.41,12.55,-19.09,20.2,84.0,462.04,347.0,2026-09-29
MWL,43.46,0.91,20.98,16.27,71.45,-2.62,98.4,127,23.94,20.37,49.53,-0.81,97.6,84.0,48.0,24.81,2026-09-29
MAXHEALTH,1000.1,-1.37,-3.1,-2.09,7.54,-13.29,26.8,127,5.06,4.81,22.32,-12.87,69.0,84.0,1167.9,901.4,2026-09-29
TATACAP,328.1,-3.26,-3.52,-4.86,10.36,-14.27,32.3,127,10.21,11.26,23.16,-10.96,86.9,84.0,390.2,295.51,2026-09-29
NILKAMAL,1918.0,1.8,32.04,47.8,82.59,-9.38,82.4,125,32.23,36.3,70.91,-6.16,91.6,83.0,2149.5,1034.47,2026-09-29
KIRIINDUS,541.95,-2.79,28.16,32.78,60.2,-7.85,93.7,127,12.59,4.55,48.73,-7.44,76.2,84.0,603.95,333.8,2026-09-29
DCBBANK,207.46,-3.1,9.43,10.89,32.13,-9.62,81.9,127,10.36,8.13,31.34,-3.26,91.7,84.0,234.8,156.64,2026-09-29
RUPA,132.75,-2.44,-10.12,-10.65,22.56,-22.72,7.1,127,10.41,8.52,52.71,-19.54,69.0,84.0,179.29,106.88,2026-09-29
SHRIRAMPPS,70.09,-1.56,-14.65,-17.22,14.66,-27.66,3.9,127,3.42,-0.63,44.04,-22.43,48.8,84.0,98.89,60.57,2026-09-29
EASEMYTRIP,5.97,0.84,-13.8,-13.48,3.65,-32.31,10.2,127,-9.65,-13.87,21.96,-32.31,25.0,84.0,9.14,5.71,2026-09-29
ANANDRATHI,2146.2,0.91,10.63,8.57,41.69,-3.74,73.2,127,19.76,20.04,31.95,7.92,100.0,84.0,2268.4,1474.91,2026-09-29
IMFA,1207.8,-1.84,-12.9,-13.25,0.99,-26.57,0.8,127,-0.31,-2.99,28.83,-17.61,44.0,84.0,1670.79,1177.58,2026-09-29
SHYAMMETL,1068.7,-1.56,11.54,10.0,39.2,-3.36,85.8,127,16.74,16.8,28.93,3.22,100.0,84.0,1148.0,744.67,2026-09-29
ANTHEM,851.1,-2.58,6.86,9.54,30.03,-11.14,72.4,127,14.27,15.09,27.86,1.5,100.0,84.0,977.55,646.46,2026-09-29
BEL,385.5,-2.05,-6.91,-6.2,0.68,-16.58,1.6,127,-4.78,-4.89,6.41,-12.86,13.1,84.0,463.77,381.68,2026-09-29
KUANTUM,76.71,-3.62,1.77,2.09,20.22,-9.7,68.3,126,0.65,-0.2,17.93,-10.7,48.8,84.0,87.0,62.94,2026-09-29
ARIHANTCAP,89.81,-3.78,24.2,25.35,55.3,-4.52,96.8,126,9.76,8.8,35.08,-12.87,89.2,83.0,98.8,56.62,2026-09-29
FIVESTAR,518.35,-0.5,5.47,1.19,47.4,-8.81,53.2,126,21.11,18.49,55.16,2.7,100.0,84.0,573.52,347.54,2026-09-29
DELHIVERY,407.5,-3.6,-11.61,-11.9,-2.21,-21.68,0.0,127,3.62,3.24,19.48,-12.09,71.4,84.0,524.0,405.05,2026-09-29
HLVLTD,6.37,-2.45,-14.13,-16.62,11.36,-29.61,3.2,126,-7.72,-15.43,34.79,-21.95,28.6,84.0,9.7,5.6,2026-09-29
MAITHANALL,939.0,-1.69,-4.92,-4.87,14.71,-16.86,10.2,127,4.56,3.21,30.24,-11.93,59.5,84.0,1202.9,816.72,2026-09-29
ENTERO,1790.1,-1.74,37.9,44.85,64.53,-5.7,86.4,125,18.7,8.33,69.64,-11.26,73.5,83.0,1920.0,1082.0,2026-09-29
TRANSRAILL,449.65,-4.18,-8.12,-8.45,11.05,-25.85,13.4,127,-7.9,-8.58,14.62,-21.51,17.9,84.0,617.71,400.65,2026-09-29
CROMPTON,218.8,0.09,-14.0,-14.69,0.09,-26.67,0.8,127,-2.63,-3.3,22.88,-19.64,39.3,84.0,306.81,214.51,2026-09-29
IGL,143.44,-1.04,-8.42,-7.15,-1.04,-16.01,0.0,127,-3.22,-5.52,14.87,-14.93,27.4,84.0,175.6,141.74,2026-09-29
SMCGLOBAL,97.23,13.59,36.54,34.24,76.37,11.58,100.0,126,19.59,21.37,37.08,-20.33,92.9,84.0,100.98,53.99,2026-09-29
CUMMINSIND,4855.0,-1.82,-8.44,-9.21,8.78,-18.78,4.7,127,5.5,5.38,30.01,-14.61,64.3,84.0,6049.82,4419.25,2026-09-29
NH,1820.1,-2.22,-3.03,-3.45,13.63,-12.51,23.6,127,7.23,9.02,23.25,-6.61,72.6,84.0,2092.9,1585.49,2026-09-29
ZIMLAB,137.55,-0.67,29.81,21.67,128.26,-1.2,96.8,125,41.72,28.49,106.39,1.72,100.0,83.0,144.49,59.31,2026-09-29
BEPL,125.38,-0.83,19.38,24.36,55.34,-6.32,82.7,127,24.93,24.49,42.1,7.85,100.0,84.0,137.35,79.95,2026-09-29
SBIN,962.0,-2.14,-5.78,-6.28,2.41,-12.32,7.9,127,0.58,-0.56,13.55,-15.88,45.2,84.0,1124.5,933.9,2026-09-29
PACEDIGITK,161.81,-2.73,-10.46,-11.08,14.18,-25.16,15.7,127,7.81,10.8,46.97,-20.39,58.3,84.0,219.94,139.81,2026-09-29
MUFTI,69.49,-3.67,-11.88,-10.82,11.33,-21.8,1.6,126,3.04,5.68,35.67,-18.03,65.5,84.0,91.98,61.44,2026-09-29
HARDWYN,9.23,-0.43,-30.29,-39.71,3.36,-52.65,19.0,126,-17.1,-35.22,49.06,-50.95,34.9,83.0,20.2,7.61,2026-09-29
ACC,1213.5,-1.85,-9.59,-10.12,-0.95,-15.62,0.0,127,-3.73,-3.68,6.9,-11.69,17.9,84.0,1451.2,1210.8,2026-09-29
INA,89.08,-1.46,-20.09,-23.03,8.4,-43.05,3.9,127,-8.68,-19.95,41.4,-35.63,30.9,81.0,161.81,79.75,2026-09-29
THERMAX,3386.0,-1.78,-18.84,-18.66,5.79,-34.11,4.7,127,10.02,5.36,59.15,-33.66,52.4,84.0,5256.33,3130.22,2026-09-29
GPPL,159.88,-2.03,5.39,6.33,15.71,-3.35,81.1,127,2.27,3.75,12.08,-6.58,64.3,84.0,168.66,137.36,2026-09-29
DALBHARAT,1651.6,-2.86,-8.04,-7.62,2.87,-16.88,2.4,126,-2.4,-4.14,10.18,-15.01,38.1,84.0,2001.73,1600.31,2026-09-29
AMBIKCO,1568.0,1.42,0.18,-1.6,42.07,-15.73,36.5,126,14.16,14.18,55.8,-8.52,76.2,84.0,1886.88,1091.67,2026-09-29
ERIS,1236.3,-1.8,-9.71,-9.49,-1.8,-16.94,0.0,126,1.35,1.59,14.63,-13.71,64.3,84.0,1521.83,1193.59,2026-09-29
HINDWAREAP,170.34,-1.92,-20.27,-21.95,0.02,-34.53,0.8,126,0.07,-1.97,48.82,-33.07,46.4,84.0,272.99,167.0,2026-09-29
SUPREMEINF,79.72,-1.93,-0.53,-1.79,37.05,-15.54,31.7,126,9.99,8.38,38.54,-6.74,90.4,83.0,99.46,58.11,2026-09-29
ASAL,429.2,-2.12,-12.72,-14.19,13.73,-22.89,3.9,127,5.78,3.69,37.8,-16.5,56.0,84.0,574.2,374.5,2026-09-29
SANATHAN,517.55,-1.08,16.5,15.96,40.77,-2.21,98.4,125,9.33,8.83,23.26,-3.84,95.2,83.0,544.3,352.6,2026-09-29
UTTAMSUGAR,294.75,0.55,18.46,21.08,33.76,-11.55,92.1,127,8.86,9.21,39.14,-13.92,63.1,84.0,356.12,217.48,2026-09-29
MAANALU,100.86,0.68,-19.7,-19.69,0.68,-38.54,0.8,127,-11.45,-12.76,2.17,-30.41,8.3,84.0,169.0,99.01,2026-09-29
LEMONTREE,103.82,-2.2,-7.2,-6.6,3.39,-15.39,3.1,127,-1.29,-2.27,16.26,-11.31,32.1,84.0,128.38,100.11,2026-09-29
ABBOTINDIA,26740.0,-0.8,2.17,2.39,8.68,-5.31,65.1,126,2.68,1.53,13.82,-6.5,55.4,83.0,28635.0,24574.94,2026-09-29
HESTERBIO,2147.3,-1.63,8.09,-0.45,71.28,-15.26,49.2,126,38.38,44.68,75.42,-1.91,96.4,83.0,2683.6,1233.94,2026-09-29
CIPLA,1383.7,-1.14,0.75,-0.81,17.13,-6.32,38.6,127,8.39,7.37,23.75,-4.84,84.5,84.0,1491.2,1154.87,2026-09-29
VHL,3329.3,-0.86,-3.68,-3.48,12.0,-10.67,6.3,126,3.99,4.51,20.08,-9.2,70.2,84.0,3794.2,2865.77,2026-09-29
NTPCGREEN,92.21,-1.35,-4.94,-3.45,7.4,-22.42,30.7,127,-7.59,-10.42,17.66,-21.18,17.9,84.0,119.95,85.16,2026-09-29
FORCEMOT,17100.0,-1.66,-8.44,-6.94,0.32,-24.18,0.8,127,-10.3,-10.56,6.63,-20.74,4.8,84.0,23155.13,16852.06,2026-09-29
ALIVUS,1345.5,-1.47,16.76,20.61,38.82,-6.8,74.0,127,19.76,17.06,39.11,3.89,100.0,84.0,1488.49,953.6,2026-09-29
PITTIENG,1136.8,-2.2,17.68,18.63,65.51,-3.14,92.8,125,14.93,15.66,41.29,-8.35,86.7,83.0,1225.38,681.74,2026-09-29
LXCHEM,177.47,-2.18,11.92,10.34,64.44,-11.49,81.9,127,22.23,20.77,44.61,3.21,100.0,84.0,203.8,107.42,2026-09-29
ATL,24.85,-2.93,1.43,1.59,33.03,-11.31,61.1,126,0.84,0.41,27.89,-12.2,53.6,84.0,28.29,18.2,2026-09-29
PIXTRANS,1724.8,-0.58,3.93,1.47,20.3,-13.17,57.1,126,15.79,13.35,31.01,-7.29,96.4,84.0,2089.0,1396.19,2026-09-29
ATULAUTO,440.55,-1.72,-6.84,-7.4,16.04,-23.66,8.7,127,5.15,2.68,26.06,-6.6,67.9,84.0,592.57,377.51,2026-09-29
MHRIL,195.92,-2.04,-13.5,-13.52,1.83,-28.7,2.4,127,-9.02,-9.29,6.45,-24.74,8.3,84.0,277.56,188.21,2026-09-29
RAJOOENG,53.68,1.13,-1.23,-0.65,15.31,-25.29,45.7,127,-8.13,-9.08,13.37,-26.48,17.9,84.0,74.55,45.88,2026-09-29
KRSNAA,534.05,-2.63,-4.12,-3.7,3.02,-14.23,12.6,127,-3.82,-4.24,5.87,-13.66,34.5,84.0,628.02,513.1,2026-09-29
GOCLCORP,379.0,-1.33,9.17,1.85,60.48,-11.03,68.3,126,31.85,28.08,97.91,-6.31,95.2,84.0,430.87,210.95,2026-09-29
ANURAS,1187.1,-0.44,-6.44,-6.24,2.27,-13.62,4.0,126,-4.07,-4.92,8.35,-12.41,26.2,84.0,1413.2,1114.38,2026-09-29
UFLEX,641.95,-3.35,38.92,46.75,93.34,-8.53,84.3,127,26.94,20.38,66.76,-9.86,84.5,84.0,723.5,327.71,2026-09-29
ZAGGLE,175.55,-1.84,-15.99,-15.12,9.39,-38.15,1.6,127,-11.76,-11.94,11.04,-28.94,8.3,84.0,296.0,154.36,2026-09-29
DAMCAPITAL,158.66,14.82,6.44,5.84,29.59,-6.31,87.4,127,2.77,-0.66,26.23,-11.09,46.4,84.0,173.32,121.28,2026-09-29
ULTRACEMCO,11025.0,-1.17,-2.83,-3.04,5.93,-9.56,19.7,127,1.5,2.22,10.39,-10.51,67.9,84.0,12239.0,10157.67,2026-09-29
WHEELS,2323.8,1.19,61.93,56.26,148.93,-3.2,99.2,127,34.64,38.56,81.9,-10.98,85.7,84.0,2498.0,922.67,2026-09-29
AMBUJACEM,374.35,-2.46,-11.82,-12.54,-1.76,-18.38,0.0,127,-3.79,-3.78,8.79,-11.76,21.4,84.0,466.49,374.0,2026-09-29
RUSTOMJEE,359.9,-1.8,-7.87,-8.87,6.37,-17.09,7.9,126,-1.77,-2.76,14.97,-17.25,42.9,84.0,446.15,331.9,2026-09-29
TATASTEEL,186.3,-0.89,-4.08,-2.07,2.01,-14.01,22.8,127,-5.17,-7.36,10.04,-14.68,21.4,84.0,219.87,180.0,2026-09-29
THOMASCOOK,102.18,-1.25,0.1,-1.46,14.26,-11.94,41.7,127,7.94,9.0,23.79,-10.87,69.0,84.0,120.32,87.6,2026-09-29
EPIGRAL,1038.0,-2.13,-8.13,-8.23,28.63,-23.89,10.3,126,5.23,-1.96,39.05,-19.66,45.8,83.0,1393.97,803.52,2026-09-29
ASAHIINDIA,933.55,-2.75,5.4,5.52,19.26,-5.3,76.4,127,7.36,6.97,16.01,0.3,100.0,84.0,995.0,774.41,2026-09-29
EMAMIPAP,117.4,4.94,33.31,39.35,113.12,-3.25,96.0,126,34.62,35.65,62.41,7.24,100.0,83.0,130.15,53.54,2026-09-29
HAL,4738.0,-1.29,5.45,5.71,36.14,-7.08,70.1,127,11.0,10.01,25.64,0.39,100.0,84.0,5149.9,3472.06,2026-09-29
MMP,452.25,-1.74,53.48,61.54,140.36,-5.49,90.4,125,33.45,24.0,81.74,4.88,100.0,83.0,498.0,184.26,2026-09-29
CARERATING,1628.4,0.05,-1.2,-1.68,13.37,-8.79,32.3,127,4.58,4.86,22.07,-4.81,78.6,84.0,1822.67,1407.76,2026-09-29
SKYGOLD,796.95,0.43,43.24,42.39,150.42,-6.03,89.0,127,56.66,56.49,89.47,29.86,100.0,84.0,868.8,310.85,2026-09-29
TVSMOTOR,4095.0,-1.5,9.12,11.86,24.72,-8.31,69.3,127,12.35,15.57,33.27,-11.63,73.8,84.0,4484.5,3228.0,2026-09-29
RAJRATAN,460.95,-2.44,1.86,2.03,40.31,-14.65,54.8,126,17.29,18.02,33.82,-3.24,97.6,84.0,563.95,322.59,2026-09-29
SCI,272.05,-0.86,-6.18,-6.87,24.25,-20.81,11.8,127,5.53,-3.52,47.3,-16.91,42.9,84.0,367.5,217.86,2026-09-29
INFOBEAN,144.42,-1.45,-10.2,-9.82,17.4,-26.93,3.9,127,3.14,-0.22,37.14,-15.44,50.0,84.0,204.46,122.18,2026-09-29
ELECON,480.75,4.91,3.25,3.53,35.9,-14.31,53.5,127,3.1,-11.82,50.9,-27.08,40.5,84.0,577.36,351.0,2026-09-29
KISSHT,344.9,-1.0,18.87,13.79,75.91,-4.86,93.1,101,26.15,22.63,57.85,7.35,100.0,37.0,373.0,190.0,2026-09-29
PARKHOSPS,276.5,-3.44,4.81,-1.0,45.48,-7.62,40.2,127,21.85,18.78,57.48,-4.56,89.3,84.0,305.0,188.27,2026-09-29
TMPV,281.75,-3.0,-16.7,-17.68,-3.0,-29.15,0.0,127,-2.42,-5.02,26.08,-23.41,40.5,84.0,404.64,280.2,2026-09-29
AFFLE,1548.4,-1.88,2.18,4.17,10.92,-11.01,67.7,127,8.49,8.44,20.09,-3.42,95.2,84.0,1748.2,1361.5,2026-09-29
JNKINDIA,420.0,-0.1,4.91,-0.19,100.13,-23.01,47.6,126,45.07,25.41,140.29,-16.2,83.1,83.0,557.59,205.21,2026-09-29
IGIL,323.15,-2.24,-5.9,-6.33,3.92,-14.6,11.8,127,0.17,0.47,20.61,-14.24,51.2,84.0,385.39,307.05,2026-09-29
KOPRAN,277.97,-2.31,52.52,49.29,161.7,-2.31,97.6,127,35.28,31.51,78.57,-0.51,98.8,84.0,293.5,105.19,2026-09-29
GANESHBE,137.32,4.95,30.4,31.36,90.56,2.98,100.0,126,23.45,22.05,44.91,4.06,100.0,83.0,137.38,70.25,2026-09-29
TVSHLTD,12436.0,-1.31,-10.06,-10.53,-0.42,-17.02,0.0,125,-0.85,-1.36,6.08,-7.57,41.0,83.0,15700.0,12185.0,2026-09-29
LUMAXIND,5676.0,-1.61,4.39,6.5,23.13,-11.62,66.7,126,6.59,8.19,21.64,-7.4,81.0,84.0,6609.5,4576.17,2026-09-29
ICICIAMC,3214.5,0.94,0.83,0.65,15.19,-8.8,54.3,127,0.77,-4.29,27.49,-10.93,36.9,84.0,3597.03,2727.41,2026-09-29
SKFINDIA,1511.8,-1.82,-4.11,-3.93,9.55,-12.25,17.3,127,-2.13,-2.56,18.31,-13.8,31.0,84.0,1734.74,1370.53,2026-09-29
PRIMESECU,301.85,-0.02,6.25,6.68,11.67,-1.5,96.8,125,1.26,0.46,14.43,-5.45,53.0,83.0,324.0,261.55,2026-09-29
KICL,4869.5,-2.79,-4.06,-4.68,21.2,-14.1,24.6,126,10.28,10.58,32.09,-8.32,86.9,84.0,5810.34,4003.65,2026-09-29
JSWENERGY,495.0,-2.28,-9.3,-9.98,5.32,-17.5,4.7,127,3.38,1.6,24.73,-15.57,57.1,84.0,615.26,464.72,2026-09-29
HNDFDS,602.15,-1.67,8.51,8.71,24.63,-8.52,77.8,126,13.98,13.57,25.84,4.99,100.0,83.0,677.75,479.05,2026-09-29
STERTOOLS,224.13,-6.4,-2.74,-3.84,40.88,-17.5,35.7,126,6.02,-0.28,61.91,-17.91,50.0,84.0,286.79,153.08,2026-09-29
ORICONENT,52.36,1.87,-9.72,-7.61,2.53,-23.96,7.1,126,-12.94,-13.85,-1.63,-19.17,0.0,83.0,72.84,47.04,2026-09-29
MSUMI,34.8,1.49,-9.89,-10.71,1.49,-17.57,1.6,127,-0.09,-0.24,11.87,-15.69,46.4,84.0,42.82,33.81,2026-09-29
RISHABH,713.5,0.24,24.07,21.81,105.03,-13.99,87.3,126,39.48,36.08,67.51,21.64,100.0,84.0,852.0,344.41,2026-09-29
GRASIM,3150.0,-1.28,2.93,0.7,23.54,-6.82,59.1,127,11.8,12.28,25.45,-0.2,98.8,84.0,3411.1,2506.39,2026-09-29
BHARTIHEXA,1426.5,-3.73,-6.23,-5.92,0.31,-13.32,2.4,127,1.73,3.18,11.08,-9.65,70.2,84.0,1659.84,1414.44,2026-09-29
YUKEN,1125.85,-0.16,46.52,51.72,89.86,-1.17,95.2,125,21.45,19.2,64.78,-7.87,71.1,83.0,1153.85,583.16,2026-09-29
GREENPANEL,159.21,-2.09,-14.67,-16.66,5.27,-31.57,10.2,127,-8.82,-9.9,14.67,-21.41,19.0,84.0,239.78,148.51,2026-09-29
MANALIPETC,82.02,-3.11,30.31,28.65,109.54,-8.4,87.4,127,29.91,24.38,62.77,11.96,100.0,84.0,92.44,38.89,2026-09-29
SYNCOMF,22.2,10.72,51.48,57.66,116.6,4.3,100.0,127,17.92,18.78,60.27,-11.9,78.6,84.0,23.42,10.16,2026-09-29
INDUSINDBK,909.7,-0.27,-3.1,-3.58,21.09,-14.93,29.1,127,12.11,12.19,30.47,-3.63,94.0,84.0,1077.85,749.29,2026-09-29
GRINFRA,799.3,-1.61,-10.03,-9.7,0.42,-19.97,0.8,127,-1.6,-2.77,18.55,-16.39,31.0,84.0,1004.6,785.0,2026-09-29
ASALCBR,641.55,-0.53,-18.66,-21.29,-0.53,-30.25,0.0,126,-5.23,-12.47,31.64,-24.96,32.5,83.0,954.15,637.15,2026-09-29
TATACHEM,641.45,-0.36,-7.46,-7.97,11.67,-20.18,17.3,127,-2.14,-3.72,27.02,-18.87,41.7,84.0,841.91,571.51,2026-09-29
HINDOILEXP,172.98,-0.23,7.22,7.33,46.18,-11.67,84.3,127,8.81,7.51,35.95,-10.2,67.9,84.0,201.44,117.5,2026-09-29
SHAREINDIA,206.1,-1.68,32.79,40.54,76.6,-9.66,94.5,127,24.55,23.73,65.21,-4.48,96.4,84.0,233.35,114.69,2026-09-29
MASTERTR,83.13,-2.05,1.85,1.89,47.55,-12.31,58.7,126,7.19,9.31,34.04,-16.72,69.0,84.0,106.67,55.6,2026-09-29
UNIMECH,1616.2,-2.94,40.87,38.4,128.83,-6.71,95.2,126,41.98,43.03,65.89,6.35,100.0,84.0,1868.2,695.0,2026-09-29
TIPSMUSIC,657.35,-1.73,2.01,0.45,33.15,-7.9,56.7,127,12.03,4.88,35.39,-5.96,82.1,84.0,741.0,481.15,2026-09-29
SWELECTES,590.4,0.58,-3.98,-5.03,18.98,-14.93,23.8,126,3.18,-2.27,31.61,-12.97,45.2,84.0,708.37,480.3,2026-09-29
UNIENTER,89.07,-1.14,-10.03,-11.2,0.92,-16.75,1.6,126,-1.2,-5.44,21.46,-15.42,38.1,84.0,119.03,84.69,2026-09-29
KIRLOSENG,2141.2,0.19,10.52,3.52,61.47,-16.3,62.2,127,32.44,28.74,88.6,-13.79,92.9,84.0,2714.26,1291.27,2026-09-29
GOODLUCK,522.0,-0.69,14.32,12.61,59.09,-3.71,93.7,127,20.6,20.27,61.26,-6.0,92.9,84.0,556.33,318.81,2026-09-29
RBLBANK,407.0,-1.94,13.37,11.54,40.83,-4.91,89.8,127,16.38,15.73,30.83,6.59,100.0,84.0,429.6,287.8,2026-09-29
SIGNPOST,264.4,-2.51,-2.58,-1.85,19.62,-18.97,35.2,125,7.97,6.96,32.72,-15.99,68.7,83.0,336.17,216.79,2026-09-29
BAJAJHFL,82.52,-0.75,-3.31,-3.17,12.9,-10.11,3.9,127,1.37,-0.25,19.72,-6.61,45.2,84.0,94.0,72.65,2026-09-29
CERA,5196.0,-3.72,-9.05,-9.33,15.19,-21.1,9.4,127,13.41,16.2,45.36,-18.68,78.6,84.0,6663.07,4466.63,2026-09-29
VENUSREM,1629.2,-2.35,20.09,1.95,99.95,-15.78,60.0,125,61.82,70.86,135.35,-16.73,84.3,83.0,2031.22,814.4,2026-09-29
PUNJABCHEM,1054.6,-2.13,-1.0,-1.63,18.44,-12.52,35.7,126,5.73,6.02,20.5,-12.96,81.0,84.0,1253.3,874.34,2026-09-29
AADHARHFC,436.95,-1.7,-10.08,-10.24,-0.49,-21.48,0.0,127,2.86,2.13,26.53,-15.77,71.4,84.0,563.0,433.25,2026-09-29
TI,561.65,-3.45,19.58,23.64,35.24,-6.63,88.2,127,12.16,6.93,38.07,-7.65,70.2,84.0,607.8,410.61,2026-09-29
CMSINFO,228.01,-2.21,-16.22,-17.78,2.29,-27.5,3.1,127,-10.1,-11.89,11.27,-23.88,21.4,84.0,318.56,220.99,2026-09-29
FINOPB,127.23,-0.8,-8.95,-7.52,7.87,-27.87,15.0,127,8.5,10.67,34.86,-29.72,75.0,84.0,189.47,113.39,2026-09-29
AUROPHARMA,1697.5,-0.85,11.5,9.75,30.14,-2.1,93.7,127,13.68,13.66,21.5,3.96,100.0,84.0,1740.0,1266.1,2026-09-29
DIVGIITTS,1218.6,5.54,38.45,33.75,98.45,-6.07,92.1,126,40.49,37.18,97.47,5.45,100.0,84.0,1326.02,607.22,2026-09-29
MINDACORP,673.0,-0.86,7.33,0.29,34.38,-9.69,51.6,126,25.42,28.09,44.51,0.2,100.0,84.0,769.0,489.45,2026-09-29
STUDDS,398.0,-2.93,-11.74,-11.01,-1.57,-23.74,0.0,127,-5.26,-3.92,5.01,-20.56,29.8,84.0,556.17,396.0,2026-09-29
ITCHOTELS,158.57,-2.06,-1.82,-1.56,15.77,-15.29,37.8,127,5.98,4.4,31.41,-11.73,77.4,84.0,188.0,136.41,2026-09-29
MARUTI,12008.0,-0.47,-9.19,-9.63,0.15,-16.57,0.8,127,2.13,3.23,15.08,-11.89,70.2,84.0,14452.85,11944.0,2026-09-29
INDIGO,4874.5,-1.33,0.91,-1.87,23.61,-10.56,43.7,126,14.38,14.8,36.13,-10.28,88.1,84.0,5508.0,3930.6,2026-09-29
TORNTPHARM,4869.0,-2.4,5.7,4.92,22.36,-4.95,59.8,127,11.82,11.21,23.47,-0.11,98.8,84.0,5250.0,3863.42,2026-09-29
AAVAS,1282.4,1.16,-5.67,-6.81,18.96,-15.96,15.7,127,7.1,1.81,41.08,-15.67,58.3,84.0,1544.9,1065.0,2026-09-29
ADOR,1611.7,-1.66,31.3,31.17,92.46,-6.85,87.3,126,39.69,42.31,57.48,8.52,100.0,83.0,1766.4,833.68,2026-09-29
SAIL,184.2,-0.43,3.5,4.39,21.65,-10.61,66.1,127,1.95,-1.42,31.01,-15.27,45.2,84.0,209.7,145.01,2026-09-29
EICHERMOT,7213.5,-1.99,-2.2,-1.82,10.67,-10.94,35.4,127,7.33,8.78,17.91,-8.32,79.8,84.0,8165.0,6375.24,2026-09-29
JINDALSTEL,1139.6,-2.16,-0.23,0.16,11.76,-11.42,50.4,127,-6.3,-5.5,10.14,-19.76,17.9,84.0,1303.87,1008.29,2026-09-29
SIYSIL,533.35,-0.87,-8.2,-9.02,24.22,-17.64,11.8,127,10.82,11.36,47.43,-18.81,69.0,84.0,662.67,426.93,2026-09-29
HINDCOPPER,479.6,-3.04,-7.88,-8.36,6.16,-20.62,2.4,127,-2.7,-2.98,13.71,-14.96,32.1,84.0,615.76,448.4,2026-09-29
VEDL,259.0,-2.76,-17.81,-7.83,2.35,-67.11,3.9,127,-35.87,-21.57,-1.49,-67.87,0.0,84.0,795.0,249.7,2026-09-29
INNOVISION,251.7,-0.77,-13.31,-12.83,1.8,-28.29,1.6,127,-12.71,-11.96,-2.45,-23.94,0.0,71.0,387.05,246.2,2026-09-29
NILASPACES,11.0,-0.54,-13.52,-13.59,-0.54,-28.99,0.0,127,-5.22,-5.99,12.11,-20.79,25.0,84.0,15.77,10.9,2026-09-29
RTNPOWER,6.86,-2.0,-20.89,-22.92,-1.86,-33.33,0.0,127,-6.5,-11.4,23.07,-25.87,33.3,84.0,10.59,6.85,2026-09-29
ASTERDM,747.35,-1.59,-1.63,-2.06,13.97,-14.07,32.3,127,11.17,13.68,29.67,-6.71,82.1,84.0,891.3,642.83,2026-09-29
V2RETAIL,211.22,-1.63,-3.24,-3.97,11.7,-17.62,22.0,127,6.35,7.85,30.97,-14.59,60.7,84.0,259.25,180.0,2026-09-29
MEESHO,216.83,-0.11,16.07,14.16,54.44,-9.73,92.9,127,15.16,16.57,38.33,-11.74,90.5,84.0,244.74,139.0,2026-09-29
GABRIEL,1349.2,-2.7,13.48,8.9,63.61,-14.85,67.7,127,31.28,34.14,54.32,4.11,100.0,84.0,1596.7,794.06,2026-09-29
ZYDUSLIFE,1215.0,0.92,14.71,10.0,40.88,0.83,100.0,127,16.71,19.4,32.51,1.17,100.0,84.0,1228.6,834.75,2026-09-29
IMPAL,1043.1,-1.98,-1.47,-2.77,11.89,-11.73,31.2,125,7.91,9.26,22.35,-3.03,88.0,83.0,1214.2,909.5,2026-09-29
INDOFARM,134.27,-2.82,-5.07,-5.28,20.79,-19.59,26.0,127,9.01,8.02,32.72,-8.44,88.1,84.0,177.0,110.7,2026-09-29
SUPRIYA,984.75,-0.05,22.52,17.04,75.46,-6.33,95.3,127,26.63,27.17,81.18,-24.15,77.4,84.0,1083.71,555.34,2026-09-29
SFL,629.3,-0.84,-1.67,-4.26,35.5,-22.21,34.6,127,25.01,30.86,60.61,-15.15,82.1,84.0,832.45,456.18,2026-09-29
PARAGMILK,274.95,2.25,21.45,22.16,53.49,-1.59,99.2,127,10.1,11.82,29.86,-6.91,79.8,84.0,286.2,177.12,2026-09-29
ATGL,594.45,-2.81,-8.79,-8.75,16.61,-26.45,11.0,127,10.8,6.3,59.2,-20.36,65.5,84.0,859.55,502.27,2026-09-29
TAJGVK,315.25,-2.81,-5.82,-5.51,5.54,-14.68,9.5,126,6.83,8.36,20.11,-3.35,84.3,83.0,372.17,284.44,2026-09-29
CEATLTD,3274.7,-2.31,-4.44,-4.11,6.5,-15.5,20.5,127,3.35,3.67,20.54,-17.27,63.1,84.0,3945.73,3030.27,2026-09-29
KCP,157.28,-3.68,-3.44,-3.17,26.02,-13.49,17.6,125,4.22,2.9,38.26,-15.57,59.0,83.0,186.91,124.21,2026-09-29
SCHAND,144.65,-0.37,-2.14,-2.61,12.74,-16.27,34.4,125,-5.37,-6.56,14.96,-21.84,26.5,83.0,180.19,127.01,2026-09-29
IFCI,70.55,-4.6,-0.83,-4.98,47.35,-31.18,37.0,127,27.75,28.32,64.87,-16.66,85.7,84.0,107.5,46.4,2026-09-29
JAIBALAJI,63.51,-2.23,-6.79,-6.41,17.31,-26.31,17.3,127,-2.34,-3.76,24.84,-26.65,44.0,84.0,88.5,53.65,2026-09-29
VSTTILLERS,4307.3,-3.71,-5.89,-4.64,7.78,-18.04,12.6,127,-9.85,-10.24,1.38,-17.45,2.4,84.0,5406.26,3950.0,2026-09-29
LAURUSLABS,2010.7,0.18,37.46,35.77,102.75,-1.15,97.6,127,41.88,39.93,65.13,27.18,100.0,84.0,2055.3,983.72,2026-09-29
APOLLOHOSP,8860.0,-0.33,5.57,3.14,21.42,-2.3,78.7,127,11.07,10.48,21.54,2.49,100.0,84.0,9070.5,7142.19,2026-09-29
SIRCA,406.6,-0.9,-2.94,-2.82,4.5,-10.53,26.0,127,-1.05,-0.5,8.13,-14.39,47.6,84.0,461.97,383.11,2026-09-29
SUDARCOLOR,387.9,-1.69,6.04,6.19,42.48,-9.5,83.2,125,9.97,8.02,30.52,-0.89,97.6,83.0,437.95,268.25,2026-09-29
GMRP&UI,101.9,-0.76,0.84,2.03,13.55,-12.25,59.8,127,-6.48,-8.08,10.4,-19.51,23.8,84.0,117.9,86.8,2026-09-29
SHAILY,3033.5,-3.46,9.06,4.86,64.96,-12.2,59.8,127,27.63,23.19,67.54,3.32,100.0,84.0,3611.99,1769.33,2026-09-29
VTL,540.55,-2.43,-9.23,-9.58,4.09,-18.18,3.1,127,5.32,2.51,24.97,-14.84,57.1,84.0,682.21,509.23,2026-09-29
RKFORGE,703.1,-0.2,15.52,20.5,50.93,-6.87,74.0,127,16.76,16.83,34.29,-3.25,96.4,84.0,772.8,460.61,2026-09-29
EVEREADY,321.75,-0.08,-3.24,-4.45,23.37,-13.08,32.3,127,10.78,9.91,39.92,-11.48,84.5,84.0,376.53,257.82,2026-09-29
CSBBANK,323.75,-2.98,-7.59,-8.25,9.25,-21.47,11.8,127,-7.56,-8.39,10.25,-19.76,10.7,84.0,417.2,295.0,2026-09-29
JSWCEMENT,112.49,-2.58,-11.41,-11.28,2.47,-20.94,0.8,127,4.19,6.66,22.44,-14.97,67.9,84.0,143.4,109.19,2026-09-29
BESTAGRO,17.69,-3.02,4.04,1.11,44.6,-21.51,56.7,127,6.82,8.61,27.88,-20.43,72.6,84.0,22.54,12.23,2026-09-29
UNIVCABLES,1427.1,-4.48,24.0,18.93,120.49,-18.22,71.7,127,55.11,50.61,116.05,9.93,100.0,84.0,1774.9,621.78,2026-09-29
MAHSEAMLES,714.35,-0.18,15.5,15.35,29.48,-2.0,95.3,127,3.36,4.79,22.75,-13.54,59.5,84.0,738.6,541.07,2026-09-29
GODIGIT,263.25,3.76,-8.44,-13.05,10.15,-19.16,31.5,127,-12.23,-13.9,-0.89,-24.06,0.0,84.0,334.0,231.65,2026-09-29
MAGADSUGAR,541.2,-1.86,9.4,9.27,23.99,-12.79,80.8,125,9.48,5.13,34.32,-6.66,68.7,83.0,634.95,426.77,2026-09-29
ESABINDIA,5518.5,-0.15,-6.54,-4.26,11.84,-22.49,8.7,126,-0.1,1.86,16.13,-21.0,53.6,84.0,7287.88,4880.33,2026-09-29
MACPOWER,2194.6,6.4,70.08,68.65,176.98,4.28,100.0,127,49.64,47.52,117.47,-0.17,98.8,84.0,2226.0,789.37,2026-09-29
ARSSBL,500.6,0.74,-5.38,-4.74,20.8,-17.66,13.4,127,0.96,-2.5,33.74,-15.91,36.9,84.0,625.13,412.33,2026-09-29
REDTAPE,119.97,-0.89,-5.25,-5.85,10.79,-17.98,16.5,127,3.1,4.21,23.87,-17.35,54.8,84.0,156.61,106.54,2026-09-29
GRAPHITE,799.0,-2.64,15.94,13.41,39.43,-5.4,90.6,127,4.01,-0.45,36.96,-14.11,45.2,84.0,874.35,563.81,2026-09-29
INDRAMEDCO,360.0,-1.56,-4.61,-3.84,4.09,-17.07,18.1,127,-5.32,-5.61,6.9,-13.27,19.0,84.0,439.12,340.32,2026-09-29
ANDHRSUGAR,95.13,-0.29,8.67,10.2,34.85,-7.3,69.3,127,8.8,11.95,27.65,-17.1,78.6,84.0,105.86,70.23,2026-09-29
NRBBEARING,541.5,1.25,41.94,27.95,152.18,0.08,100.0,126,46.99,41.83,106.77,11.08,100.0,84.0,559.9,211.1,2026-09-29
KAMATHOTEL,233.18,-1.67,28.26,33.31,62.99,-2.98,94.4,126,13.08,11.82,42.07,-16.37,75.0,84.0,246.0,140.2,2026-09-29
PDMJEPAPER,93.78,-0.73,8.48,10.66,44.79,-8.43,77.0,126,12.05,12.86,29.14,-8.11,90.5,84.0,108.99,64.57,2026-09-29
WEALTH,832.8,-0.26,-8.65,-10.31,3.22,-17.34,4.7,127,-0.66,-0.97,22.74,-16.58,44.0,84.0,1071.72,795.85,2026-09-29
HITECHCORP,341.45,3.42,48.65,8.38,199.59,1.32,100.0,125,98.61,127.69,176.13,3.97,100.0,83.0,344.0,111.67,2026-09-29
TVSSRICHAK,4490.5,-2.58,9.47,13.23,40.86,-18.13,77.2,127,16.85,14.62,41.54,-0.22,97.6,84.0,5717.88,3161.71,2026-09-29
MANKIND,2435.6,-1.59,2.68,1.52,21.87,-6.96,61.1,126,8.27,6.36,31.7,-7.35,67.9,84.0,2642.0,1928.0,2026-09-29
SANGAMIND,629.3,1.52,16.29,15.63,52.31,-1.2,98.4,125,19.47,19.16,40.23,3.55,100.0,83.0,672.5,408.58,2026-09-29
UBL,1217.4,-2.71,-10.36,-9.59,0.18,-22.61,1.6,127,-7.16,-6.32,3.29,-24.7,16.7,84.0,1587.7,1210.4,2026-09-29
AUBANK,995.3,-2.23,-2.62,-3.64,18.22,-11.81,25.2,127,7.77,8.49,23.06,-7.34,86.9,84.0,1144.1,830.84,2026-09-29
SIS,394.2,-5.78,-0.91,-6.24,40.64,-10.71,24.6,126,23.74,18.09,64.17,-9.56,84.5,84.0,480.95,279.5,2026-09-29
ARTEMISMED,365.9,2.29,32.26,33.81,78.34,2.29,100.0,123,20.2,18.15,39.57,10.93,100.0,82.0,378.8,203.01,2026-09-29
SHANTIGOLD,308.77,-5.19,39.49,39.54,97.13,-5.19,99.2,127,15.7,14.47,46.76,-4.78,95.2,84.0,333.09,155.0,2026-09-29
THANGAMAYL,5011.5,-2.4,3.17,-4.32,46.69,-31.44,40.9,127,39.38,47.11,86.76,-14.46,78.6,84.0,7430.0,3340.66,2026-09-29
DREDGECORP,941.4,-4.41,-8.75,-10.7,22.49,-23.62,15.0,127,10.99,13.63,46.58,-18.47,70.2,84.0,1286.0,758.6,2026-09-29
MAHLOG,421.8,0.37,9.97,7.68,27.83,-4.1,96.1,127,5.29,7.16,21.26,-16.6,73.8,84.0,447.11,328.33,2026-09-29
NUVOCO,325.85,-2.86,1.2,1.4,15.92,-13.62,57.5,127,7.29,6.82,23.71,-6.83,88.1,84.0,398.0,279.1,2026-09-29
VIYASH,241.0,-1.37,-1.59,-4.91,31.82,-18.07,27.6,127,20.5,23.34,53.39,-10.67,88.1,84.0,298.0,181.69,2026-09-29
MAHABANK,80.85,-4.75,1.08,0.81,33.84,-13.85,58.3,127,12.55,6.12,55.36,-13.85,79.8,84.0,94.5,60.11,2026-09-29
TATACOMM,1655.3,-0.67,-4.18,-5.69,23.92,-19.71,26.8,127,12.81,12.82,50.43,-16.96,65.5,84.0,2110.0,1310.58,2026-09-29
CLEAN,781.7,-3.17,0.06,0.27,19.65,-12.06,50.4,127,4.86,6.38,21.31,-12.0,79.8,84.0,895.28,648.94,2026-09-29
MARKSANS,331.55,-1.6,36.0,28.56,111.91,-4.62,92.1,127,43.63,41.94,73.89,22.62,100.0,84.0,350.95,154.57,2026-09-29
WHIRLPOOL,917.1,-0.2,12.47,14.19,27.78,-7.43,88.2,127,-6.52,-7.74,15.28,-21.69,16.7,84.0,1023.83,706.0,2026-09-29
LINCOLN,581.85,-1.55,-5.76,-4.97,6.51,-23.04,12.0,125,-2.22,-0.76,12.67,-19.2,48.2,83.0,767.82,543.45,2026-09-29
IDFCFIRSTB,80.55,-3.88,5.76,1.98,37.28,-8.36,60.6,127,19.91,21.23,35.07,2.46,100.0,84.0,89.61,57.91,2026-09-29
GODREJIND,1076.1,-2.64,-3.34,-5.15,43.67,-24.1,29.9,127,22.66,14.9,58.93,-6.71,91.7,84.0,1443.0,744.2,2026-09-29
BLUSPRING,149.44,2.98,64.5,38.24,193.42,2.98,100.0,127,72.26,71.01,155.57,8.25,100.0,84.0,151.9,50.0,2026-09-29
BCLIND,32.52,-3.56,-5.63,-5.74,26.12,-14.25,14.2,127,10.84,8.51,41.91,-13.11,78.6,84.0,39.58,25.47,2026-09-29
BLUESTONE,786.2,-2.85,30.63,40.24,85.91,-15.5,66.7,126,42.97,50.91,84.85,-6.12,91.7,84.0,969.9,410.05,2026-09-29
DDEVPLSTIK,252.6,-1.39,-1.75,-1.39,34.06,-18.27,43.3,127,12.8,14.19,43.46,-7.8,81.0,84.0,313.46,184.24,2026-09-29
NOCIL,175.17,-7.03,2.76,4.53,15.1,-15.09,69.3,127,5.81,4.9,25.87,-12.81,63.1,84.0,211.2,149.65,2026-09-29
SDBL,80.62,8.42,7.05,9.79,29.39,-16.23,71.7,127,-8.46,-10.14,20.29,-24.51,17.9,84.0,99.15,61.8,2026-09-29
XCHANGING,60.04,-2.25,-3.7,-4.51,29.58,-11.0,7.9,127,3.38,1.43,28.81,-6.94,59.5,84.0,69.23,46.05,2026-09-29
CCL,1031.6,-1.23,-7.87,-7.8,-0.65,-15.88,0.0,127,3.58,3.96,14.46,-11.19,76.2,84.0,1238.75,1021.45,2026-09-29
CAPILLARY,576.35,-3.85,12.21,12.98,28.38,-3.85,96.9,127,-2.44,-2.15,18.11,-15.13,27.4,84.0,608.8,438.15,2026-09-29
AARTIDRUGS,429.65,0.53,9.4,9.91,34.37,-2.21,93.7,127,10.96,10.48,18.83,2.88,100.0,84.0,453.65,318.95,2026-09-29
NITCO,84.61,-3.81,-12.71,-11.96,2.74,-27.87,0.8,127,11.85,14.67,51.52,-23.51,63.1,84.0,119.4,81.7,2026-09-29
PASUPTAC,72.45,-4.51,22.49,18.39,77.18,-9.23,94.4,126,22.24,17.35,58.85,-10.57,89.3,84.0,81.29,40.41,2026-09-29
SALASAR,4.51,-4.04,-28.01,-26.9,-4.04,-42.18,0.0,127,-14.84,-17.22,14.66,-32.91,13.1,84.0,7.85,4.45,2026-09-29
JKTYRE,337.8,-2.33,-12.56,-13.21,-1.6,-21.18,0.0,127,-3.65,-2.6,7.27,-18.17,31.0,84.0,437.1,337.1,2026-09-29
CRIZAC,177.14,-3.09,-9.72,-11.05,10.51,-25.83,18.9,127,-9.61,-12.07,15.0,-25.86,21.4,84.0,246.38,159.95,2026-09-29
DIGITIDE,76.55,-2.57,-17.4,-19.16,1.75,-36.5,0.8,127,8.03,8.73,48.17,-9.95,79.8,84.0,122.66,73.5,2026-09-29
SGMART,729.5,-0.21,15.01,19.88,57.32,-13.39,78.7,127,27.46,26.77,44.96,14.54,100.0,84.0,860.6,455.0,2026-09-29
PRICOLLTD,753.1,-0.83,18.83,22.73,46.55,-6.63,75.6,127,21.05,18.75,49.47,-2.93,95.2,84.0,823.0,508.95,2026-09-29
SIGACHI,28.77,-2.24,19.6,23.66,70.58,-23.91,77.0,126,29.78,26.45,83.77,2.21,100.0,84.0,38.65,16.6,2026-09-29
FORTIS,830.75,-0.85,-10.41,-11.84,5.44,-16.03,3.1,127,3.49,0.16,23.61,-12.5,50.0,84.0,1009.03,765.99,2026-09-29
COFFEEDAY,29.92,-1.22,1.03,-1.58,41.67,-26.59,43.3,127,17.42,19.6,55.35,-28.66,75.0,84.0,43.26,21.0,2026-09-29
JUBLPHARMA,1060.45,-1.07,11.52,9.94,30.56,-1.07,96.8,126,5.37,8.62,19.65,-13.97,70.2,84.0,1091.85,795.93,2026-09-29
CHEMCON,220.81,-3.09,22.35,18.6,81.16,-3.43,96.0,126,20.46,17.94,55.05,-4.57,98.8,84.0,235.0,121.0,2026-09-29
PAYTM,1635.8,-2.28,28.74,36.61,70.57,-11.57,81.9,127,30.33,22.08,69.97,-0.67,98.8,84.0,1855.5,930.6,2026-09-29
TCI,864.85,-2.13,-5.84,-6.6,7.14,-16.74,9.4,127,-3.9,-3.64,6.86,-14.61,22.6,84.0,1079.64,797.0,2026-09-29
ANGELONE,279.2,-3.06,-9.59,-9.28,23.09,-21.06,4.7,127,10.73,-3.37,63.81,-17.58,40.5,84.0,359.34,225.3,2026-09-29
NAHARPOLY,221.85,-2.56,-10.42,-10.91,9.77,-20.16,0.8,126,1.1,1.28,23.99,-11.94,56.0,84.0,287.75,198.79,2026-09-29
ADVENTHTL,124.62,-1.84,-12.69,-12.9,3.08,-26.69,0.8,127,-6.84,-6.69,13.38,-29.99,20.2,84.0,177.52,120.02,2026-09-29
KALYANKJIL,564.0,-1.57,24.99,32.67,71.19,-10.76,60.6,127,35.92,45.45,85.97,-16.03,76.2,84.0,646.31,325.72,2026-09-29
ELECTCAST,72.35,0.01,-5.9,-5.95,5.63,-21.74,20.5,127,-2.24,-4.85,17.96,-23.28,34.5,84.0,94.72,68.15,2026-09-29
HDFCLIFE,531.6,0.11,-6.6,-6.36,3.42,-16.7,6.3,127,-7.77,-7.35,1.29,-16.16,3.6,84.0,648.44,508.7,2026-09-29
RAJPALAYAM,758.05,-0.49,-2.67,-6.94,141.22,-10.64,5.2,116,8.46,0.43,167.75,-9.2,52.8,53.0,874.46,314.26,2026-09-29
TSFINV,434.7,-4.85,4.8,5.89,30.0,-9.58,68.5,127,11.32,9.91,33.73,-1.13,98.8,84.0,493.45,328.5,2026-09-29
APTUS,237.47,-2.91,-7.88,-8.26,23.19,-22.61,8.7,127,10.43,4.85,46.25,-12.32,58.3,84.0,309.0,191.24,2026-09-29
VIDHIING,354.0,2.39,14.48,15.42,28.63,-1.65,94.4,125,6.72,5.83,26.5,-10.09,68.7,83.0,365.0,258.6,2026-09-29
SUKHJITS,157.1,-1.73,-7.52,-7.06,2.37,-22.61,3.2,125,-5.18,-7.53,27.02,-21.29,22.9,83.0,225.35,136.42,2026-09-29
SHRIPISTON,4645.3,-2.14,19.7,12.32,58.82,-2.14,98.4,126,26.45,25.14,47.06,9.02,100.0,84.0,4843.0,2911.5,2026-09-29
AVALON,2310.2,-0.79,47.65,32.99,148.94,-8.96,92.9,127,59.58,58.41,98.85,24.3,100.0,84.0,2618.0,910.0,2026-09-29
ELGIEQUIP,598.85,-0.69,3.96,2.53,28.79,-6.78,64.6,127,12.03,9.73,30.22,-1.3,94.0,84.0,653.4,457.96,2026-09-29
RAMKY,306.25,-1.89,-24.61,-24.04,-1.26,-40.35,0.0,126,-17.3,-19.11,1.08,-28.0,1.2,84.0,525.36,303.0,2026-09-29
KOKUYOCMLN,74.64,-1.83,-11.5,-12.21,5.07,-22.38,1.6,127,-0.7,-4.95,24.19,-16.26,35.7,84.0,98.43,70.8,2026-09-29
MFSL,1444.0,-0.96,-8.53,-8.9,2.41,-16.38,1.6,127,-4.06,-5.36,10.52,-12.5,16.7,84.0,1748.0,1360.1,2026-09-29
KDDL,4014.1,-0.48,33.73,28.66,98.53,-5.59,96.0,126,39.65,36.53,87.9,13.47,100.0,84.0,4270.0,1986.01,2026-09-29
JSWDULUX,3169.8,-0.93,4.56,3.75,13.16,-3.26,85.0,127,5.35,5.27,16.71,-3.37,82.1,84.0,3325.0,2715.7,2026-09-29
AIIL,548.25,-2.03,7.54,5.83,32.99,-8.1,72.4,127,12.09,12.74,25.6,-4.41,92.9,84.0,607.7,409.15,2026-09-29
EIHOTEL,295.1,0.14,-5.1,-6.75,8.37,-12.86,21.3,127,-0.24,-1.22,17.31,-12.72,40.5,84.0,351.16,269.93,2026-09-29
DISHTV,2.26,-4.64,-24.3,-24.16,22.83,-44.61,1.6,127,-3.81,-16.18,66.3,-29.85,28.6,84.0,4.14,1.82,2026-09-29
HAPPYFORGE,1996.7,-3.24,26.42,31.0,73.14,-17.51,74.0,127,35.46,29.51,72.21,3.93,100.0,84.0,2470.0,1132.15,2026-09-29
RAMCOIND,310.9,-2.83,1.28,-2.71,33.44,-17.29,47.2,127,19.85,17.71,44.93,-6.33,96.4,84.0,394.12,229.85,2026-09-29
RENUKA,22.91,-1.72,-4.64,-1.67,6.61,-22.29,36.2,127,-7.77,-9.17,14.58,-25.92,28.6,84.0,30.3,21.05,2026-09-29
RUSHIL,15.96,-0.87,-1.9,-1.96,24.78,-12.99,34.6,127,4.36,5.47,31.64,-13.66,69.0,84.0,19.04,12.45,2026-09-29
BANARISUG,3383.7,-0.53,-5.05,-5.67,3.57,-19.92,7.1,126,-1.32,-3.34,17.78,-8.92,26.5,83.0,4322.1,3196.5,2026-09-29
VINATIORGA,1191.0,-1.28,-8.67,-9.05,-0.33,-14.58,0.0,127,-1.28,-0.37,10.39,-12.01,42.9,84.0,1417.09,1190.0,2026-09-29
STARHEALTH,552.5,-1.01,1.3,-1.01,20.77,-9.49,48.8,127,13.94,13.98,31.03,-6.7,90.5,84.0,624.9,442.55,2026-09-29
ALLCARGO,10.82,1.41,17.0,19.56,50.7,-18.83,80.3,127,12.98,12.23,50.28,-17.98,72.6,84.0,13.72,7.11,2026-09-29
WELENT,749.5,-0.66,31.76,31.57,81.16,-8.97,88.2,127,28.39,30.17,51.02,8.8,100.0,84.0,841.9,409.98,2026-09-29
AEROFLEX,513.4,-2.34,26.95,21.47,115.23,-10.48,85.0,127,47.28,39.42,128.25,-5.74,97.6,84.0,584.15,234.17,2026-09-29
BAYERCROP,3671.8,-1.23,-13.32,-12.15,-1.23,-25.38,0.0,127,-8.39,-8.17,-2.37,-17.6,0.0,84.0,4992.86,3650.0,2026-09-29
SURYAROSNI,220.1,-3.23,-6.15,-6.88,18.38,-19.27,28.3,127,2.9,-1.89,37.56,-20.01,46.4,84.0,279.32,185.21,2026-09-29
FINPIPE,151.61,-1.65,-7.6,-7.34,2.91,-19.6,2.4,126,-4.18,-5.81,16.62,-16.35,22.6,84.0,196.89,144.96,2026-09-29
FRONTSP,1447.0,0.57,14.2,14.55,24.51,-4.2,96.6,29,,,,,,,1569.8,1150.5,2026-09-29
VISACHROME,33.36,-3.42,-15.43,-15.82,17.59,-40.0,11.8,127,1.58,-9.91,59.39,-32.45,41.7,84.0,56.69,27.05,2026-09-29
KEI,4516.0,-3.37,-10.68,-11.66,11.84,-23.11,8.7,127,7.99,8.34,41.85,-20.16,72.6,84.0,5899.0,3953.3,2026-09-29
FIEMIND,1926.0,-2.01,-11.67,-12.5,2.53,-27.21,4.7,127,3.19,5.67,21.67,-16.3,69.0,84.0,2674.8,1838.32,2026-09-29
NIBE,1237.4,-1.9,-5.08,-11.43,51.56,-32.51,29.4,126,33.02,35.97,105.84,-29.11,71.1,83.0,1846.25,808.83,2026-09-29
HLEGLAS,419.35,-4.93,18.27,16.66,67.49,-11.4,85.8,127,20.03,25.53,52.41,-19.79,81.0,84.0,483.8,249.38,2026-09-29
THEMISMED,116.85,-0.07,11.09,9.37,77.58,-11.83,75.6,127,24.98,21.11,71.91,1.11,100.0,84.0,140.03,64.69,2026-09-29
CEMPRO,1224.5,-2.6,18.16,-0.86,140.26,-25.32,48.0,127,77.96,67.65,175.65,-2.26,97.6,84.0,1649.2,504.16,2026-09-29
RITCO,277.2,-2.98,6.57,4.27,56.25,-14.1,60.8,125,26.82,27.49,46.29,4.23,100.0,83.0,331.15,167.1,2026-09-29
SUPRAJIT,483.6,-0.9,4.15,2.34,21.35,-8.61,59.2,125,13.93,14.74,27.14,1.18,100.0,83.0,557.03,395.02,2026-09-29
SHREEPUSHK,496.85,-1.82,26.2,26.95,65.58,-3.39,92.1,127,20.9,22.81,45.6,-2.41,91.7,84.0,542.97,294.34,2026-09-29
ULTRAMAR,419.1,-1.46,5.63,5.28,16.34,-5.36,80.4,112,4.94,4.7,21.62,-7.56,57.1,49.0,455.75,358.58,2026-09-29
ZFCVINDIA,2332.8,-0.91,-5.16,-4.61,2.73,-13.0,8.7,127,3.28,4.28,21.95,-13.0,67.9,84.0,3038.73,2213.0,2026-09-29
NLCINDIA,256.7,-2.23,-14.04,-14.55,0.62,-30.73,0.8,127,-1.41,-5.95,40.04,-26.03,38.1,84.0,387.44,254.06,2026-09-29
PRECAM,116.78,-3.22,-16.46,-18.51,11.92,-31.06,4.7,127,-1.86,-10.32,43.63,-24.39,34.5,84.0,177.73,103.24,2026-09-29
GRAUWEIL,83.96,-4.61,14.58,16.27,33.16,-26.87,92.4,118,0.48,1.62,21.83,-32.68,58.9,56.0,114.8,61.66,2026-09-29
BODALCHEM,201.93,-0.04,168.56,193.23,294.39,-0.04,99.2,126,49.73,16.38,212.63,-11.25,75.0,84.0,207.7,50.55,2026-09-29
DISAQ,11972.0,1.69,1.4,0.58,9.7,-3.13,63.6,110,1.5,0.88,8.69,-4.43,57.1,49.0,12657.68,10676.97,2026-09-29
BIRLANU,1441.0,0.15,3.42,4.0,21.25,-14.47,77.6,125,3.02,3.13,18.35,-15.28,51.8,83.0,1724.0,1177.16,2026-09-29
ABINFRA,12.38,-1.59,4.03,8.75,36.56,-26.45,62.7,126,-19.83,-31.67,24.7,-46.68,30.1,83.0,18.23,8.82,2026-09-29
BLUEDART,4749.6,0.07,-5.1,-4.58,2.2,-16.41,8.7,126,-2.41,-2.48,7.92,-14.18,38.6,83.0,5775.5,4628.5,2026-09-29
AVADHSUGAR,808.4,1.49,50.93,61.69,85.1,-5.48,89.7,126,34.99,17.65,93.75,-1.75,92.9,84.0,884.8,419.97,2026-09-29
FSL,256.0,-1.33,1.59,0.02,25.25,-24.58,50.4,127,12.87,11.42,51.26,-2.78,92.9,84.0,341.9,203.15,2026-09-29
ONESOURCE,1565.8,-2.3,-3.91,-2.9,16.55,-16.15,31.5,127,0.62,-0.79,35.6,-18.58,47.6,84.0,1917.8,1316.4,2026-09-29
GRPLTD,1950.4,-2.43,2.83,1.27,26.69,-7.22,56.8,125,5.8,5.42,30.02,-9.75,72.3,83.0,2143.4,1499.33,2026-09-29
ALKYLAMINE,1799.8,-2.59,3.58,0.06,46.96,-13.87,50.4,127,22.61,21.75,47.93,-0.14,98.8,84.0,2115.0,1213.95,2026-09-29
PSPPROJECT,779.1,-3.42,-9.51,-11.01,35.38,-29.11,21.4,126,25.25,23.08,73.9,-20.41,81.0,84.0,1143.0,569.2,2026-09-29
RBZJEWEL,189.91,5.0,33.61,34.81,86.06,-5.37,97.6,126,16.41,13.09,52.5,-0.72,98.8,84.0,204.7,100.0,2026-09-29
DYNAMATECH,13139.0,-0.11,20.64,22.21,45.93,-0.11,99.2,126,5.63,7.86,32.28,-15.07,69.0,84.0,13500.0,8766.75,2026-09-29
BALAMINES,2153.9,-1.63,19.67,3.51,121.51,-16.09,67.7,127,61.53,64.9,125.44,-2.26,98.8,84.0,2629.8,963.33,2026-09-29
REPRO,333.8,15.8,-4.4,-7.28,15.8,-16.28,27.8,126,-4.68,-5.09,19.2,-22.54,41.7,84.0,419.7,276.1,2026-09-29
SPORTKING,207.42,-2.9,17.69,14.07,85.51,-9.66,74.6,126,39.08,39.45,71.15,10.24,100.0,83.0,240.46,111.51,2026-09-29
DEEPAKNTR,1550.8,-2.29,-6.31,-7.22,21.07,-16.95,11.9,126,5.45,2.54,26.87,-7.1,57.1,84.0,1889.27,1274.18,2026-09-29
INDOBORAX,477.55,6.13,41.96,35.1,114.25,-7.46,85.7,126,58.36,57.94,90.71,28.98,100.0,84.0,542.8,220.33,2026-09-29
AYMSYNTEX,291.15,-0.95,23.53,23.97,60.8,-9.04,91.2,125,21.43,20.93,46.51,-3.73,98.8,83.0,330.0,169.35,2026-09-29
GUJALKALI,606.2,-3.92,-6.75,-8.09,9.5,-22.34,21.3,127,6.12,2.84,57.05,-18.87,59.5,84.0,793.59,541.39,2026-09-29
EVERESTIND,422.05,-1.0,2.23,1.45,45.64,-21.94,55.2,125,20.1,18.95,76.63,-11.01,85.5,83.0,564.0,284.36,2026-09-29
BSHSL,84.99,-2.2,-7.2,-6.78,40.02,-24.24,3.2,125,-1.31,-6.34,51.96,-19.4,27.7,83.0,122.0,59.16,2026-09-29
ETHOSLTD,2518.2,-1.36,-0.68,0.65,15.34,-15.0,51.2,125,11.9,11.28,24.8,-4.39,92.8,83.0,3090.4,2116.9,2026-09-29
JUNIPER,214.76,-0.71,5.43,7.3,13.07,-5.55,82.7,127,0.16,-2.1,17.86,-10.76,36.9,84.0,233.99,188.5,2026-09-29
INDOTECH,3133.7,-1.38,16.19,1.98,184.46,-19.46,52.8,127,70.97,48.87,192.87,1.98,100.0,84.0,4018.07,1096.74,2026-09-29
GLAND,2896.0,-0.73,27.14,22.72,72.8,-4.3,84.3,127,36.32,35.84,60.18,20.95,100.0,84.0,3042.0,1639.61,2026-09-29
TMB,861.75,-2.28,12.75,12.19,51.19,-8.56,73.2,127,23.94,23.69,36.61,13.61,100.0,84.0,954.2,565.63,2026-09-29
APOLLOPIPE,521.2,1.91,4.0,4.68,25.87,-21.48,75.6,127,15.27,13.32,42.2,-2.13,98.8,84.0,668.8,409.63,2026-09-29
ROTO,62.55,-0.4,0.11,-2.4,30.52,-17.66,41.7,127,14.07,14.04,50.01,-16.9,83.3,84.0,78.63,47.36,2026-09-29
BOROLTD,280.8,6.04,16.64,16.11,29.07,4.97,100.0,127,3.24,2.6,21.24,-15.29,57.1,84.0,289.0,215.03,2026-09-29
GOKEX,671.85,-2.57,-9.95,-11.86,15.8,-24.4,7.9,127,16.35,14.98,50.51,-20.94,89.3,84.0,894.7,566.2,2026-09-29
MODINATUR,338.6,-0.03,-12.11,-13.64,17.9,-30.15,8.8,125,9.87,7.41,66.28,-29.35,61.4,83.0,524.8,252.3,2026-09-29
EXIDEIND,411.75,-2.81,5.21,2.56,43.7,-16.08,52.8,127,24.78,27.03,41.14,5.01,100.0,84.0,496.4,285.63,2026-09-29
BANCOINDIA,594.2,-0.94,-4.17,-3.81,19.34,-12.72,15.1,126,7.09,5.45,32.91,-12.0,67.9,84.0,699.91,495.6,2026-09-29
ENGINERSIN,313.9,-0.55,30.98,31.53,73.77,-0.55,99.2,127,11.0,13.39,42.59,-13.6,73.8,84.0,321.4,176.05,2026-09-29
IPCALAB,1919.3,-2.61,13.89,13.85,33.54,-4.49,80.3,127,16.59,16.7,32.97,-0.96,96.4,84.0,2038.0,1409.11,2026-09-29
BIL,1001.2,-0.95,27.96,31.59,52.01,-9.66,90.4,125,12.31,10.25,62.54,-7.97,63.9,83.0,1150.0,648.0,2026-09-29
TIMEX,703.65,-3.88,42.98,32.25,109.2,-3.88,94.6,111,49.34,50.5,71.28,24.01,100.0,48.0,748.0,323.0,2026-09-29
GKSL,174.83,-1.79,30.67,33.38,72.52,-4.57,92.9,126,19.44,20.91,41.8,-6.0,92.8,83.0,186.99,100.43,2026-09-29
ELDEHSG,756.6,-1.16,-4.28,-3.62,6.46,-11.86,5.6,126,-2.9,-2.09,6.93,-17.21,28.6,84.0,869.85,693.46,2026-09-29
VIMTALABS,585.35,-2.33,9.02,3.7,54.32,-11.55,59.1,127,27.52,28.12,54.9,-0.08,98.8,84.0,675.0,374.67,2026-09-29
PAUSHAKLTD,655.75,-1.71,20.63,27.78,91.0,-18.66,69.3,127,38.02,35.86,78.65,6.92,100.0,84.0,826.75,340.93,2026-09-29
SHREEJISPG,752.8,0.05,49.67,50.8,132.7,0.05,100.0,127,47.09,48.16,70.58,20.05,100.0,84.0,761.9,320.4,2026-09-29
APEX,338.65,-2.57,-16.14,-15.58,-1.94,-32.0,0.0,127,-5.67,-10.65,29.96,-25.16,29.8,84.0,511.12,336.3,2026-09-29
ICIL,440.2,-1.25,25.32,11.59,81.65,-7.63,88.2,127,43.67,43.1,78.22,4.01,100.0,84.0,485.95,237.21,2026-09-29
SAFARI,1453.2,-0.75,-5.4,-5.15,6.39,-13.57,6.4,125,1.47,1.57,11.77,-10.3,55.4,83.0,1700.81,1361.43,2026-09-29
HONASA,466.05,0.12,13.83,5.22,57.23,-6.73,70.6,126,32.52,34.2,54.44,5.04,100.0,83.0,506.65,286.42,2026-09-29
BGRENERGY,268.28,4.87,-5.45,-6.3,21.31,-24.22,34.9,126,-6.54,-6.9,26.11,-33.04,32.1,84.0,366.0,218.0,2026-09-29
INDIANHUME,350.35,-1.99,2.46,4.2,26.04,-15.48,56.3,126,14.7,16.44,37.5,-18.59,84.3,83.0,426.66,276.34,2026-09-29
GUJTHEM,397.55,-4.66,8.12,5.55,75.49,-12.15,69.3,127,17.94,9.79,75.19,-10.68,79.8,84.0,469.28,224.68,2026-09-29
RSWM,211.35,-3.2,13.62,7.83,75.06,-10.16,75.6,127,29.49,29.0,59.54,2.99,100.0,84.0,238.0,120.0,2026-09-29
PARAS,1315.0,-0.45,26.79,8.54,121.05,-13.84,70.1,127,62.15,61.05,135.86,-2.49,98.8,84.0,1583.91,590.84,2026-09-29
DEEPINDS,768.0,-1.68,45.0,58.03,79.04,-6.19,92.9,127,31.56,39.99,66.83,-6.47,89.3,84.0,825.0,422.39,2026-09-29
GNRL,98.46,-1.72,-2.47,-1.41,3.82,-13.6,37.9,29,,,,,,,119.4,94.21,2026-09-29
DEN,26.0,-1.44,-6.17,-5.66,13.14,-21.4,5.6,126,2.88,1.22,31.13,-19.89,57.1,84.0,34.39,22.52,2026-09-29
JSWSTEEL,1264.1,-1.01,0.23,-0.46,13.26,-5.73,40.2,127,3.64,3.04,15.93,-2.99,79.8,84.0,1351.0,1100.08,2026-09-29
BERGEPAINT,452.85,-1.2,-7.88,-8.43,11.29,-19.11,11.0,127,7.65,7.2,35.66,-17.46,71.4,84.0,565.9,401.42,2026-09-29
VIKRAMSOLR,160.08,-0.14,-15.3,-15.84,2.09,-29.96,1.6,127,-9.44,-14.25,25.54,-26.34,21.4,84.0,234.0,155.38,2026-09-29
MONTECARLO,514.05,-1.92,-2.04,-2.47,14.23,-9.45,17.5,126,0.46,-0.51,18.37,-15.29,48.8,84.0,591.41,447.22,2026-09-29
GPIL,225.46,-1.73,-14.08,-11.94,-1.14,-25.98,0.0,127,-9.78,-12.97,15.8,-21.04,17.9,84.0,318.68,223.5,2026-09-29
VINDHYATEL,2598.4,-4.46,38.25,26.47,167.35,-10.9,86.6,127,57.17,49.8,129.7,12.4,100.0,84.0,2952.6,960.83,2026-09-29
PGIL,1296.1,-2.48,38.56,31.2,92.48,-2.48,98.4,127,34.52,35.15,67.06,6.15,100.0,84.0,1357.9,671.4,2026-09-29
JARO,423.4,-4.41,-10.48,-9.41,9.96,-29.01,11.9,126,4.63,11.4,42.17,-23.82,59.5,84.0,616.23,381.17,2026-09-29
HUHTAMAKI,234.2,-3.72,12.77,17.41,57.9,-26.51,59.8,127,39.4,35.26,79.8,-2.35,96.4,84.0,330.0,147.04,2026-09-29
NITTAGELA,1718.2,1.08,11.82,4.71,86.91,-15.11,72.3,112,25.91,16.7,108.18,-10.08,77.1,48.0,2079.59,878.79,2026-09-29
CEIGALL,378.55,-1.44,10.35,9.91,39.92,-4.27,84.9,126,12.01,3.08,46.16,-12.79,64.3,84.0,405.16,262.2,2026-09-29
IRIS,226.57,-3.97,-7.69,-7.19,7.42,-18.22,4.0,126,3.42,3.01,26.82,-15.14,63.1,84.0,290.0,204.5,2026-09-29
JAGSNPHARM,241.02,-0.52,12.3,9.64,33.16,-1.21,97.6,127,15.21,15.54,29.38,-1.06,97.6,84.0,260.15,179.99,2026-09-29
HEXATRADEX,155.0,-1.49,-3.76,-3.49,-0.03,-9.45,0.0,125,-2.07,-2.55,4.58,-7.6,27.7,83.0,175.5,153.7,2026-09-29
PRIMO,28.13,11.27,21.77,20.37,56.02,7.74,100.0,125,7.38,-1.22,50.39,-18.54,45.8,83.0,29.8,16.76,2026-09-29
TTML,36.19,5.08,-10.51,-11.99,15.4,-22.07,11.0,127,-2.43,-8.61,36.51,-23.34,31.0,84.0,49.74,31.22,2026-09-29
SMLMAH,6515.5,-4.54,49.49,60.13,87.12,-4.54,94.5,127,26.11,34.07,75.51,-15.07,71.4,84.0,6898.5,3409.88,2026-09-29
FAZE3Q,427.25,-1.57,-15.15,-13.41,13.04,-31.29,4.0,126,14.09,18.27,59.88,-32.14,68.7,83.0,650.05,374.1,2026-09-29
CAMPUS,211.04,0.5,-8.3,-8.4,0.5,-16.38,1.6,127,-5.33,-7.84,7.94,-13.54,21.4,84.0,258.73,207.2,2026-09-29
ALLDIGI,775.9,-0.14,-2.41,-2.68,14.35,-7.95,11.2,125,2.98,1.91,14.01,-4.89,83.1,83.0,862.54,675.44,2026-09-29
RAYMONDREL,672.95,-5.39,18.92,15.53,78.74,-6.89,87.4,127,29.9,41.95,80.61,-14.57,77.4,84.0,741.95,351.24,2026-09-29
ALLTIME,197.91,-1.54,-12.03,-11.72,5.51,-26.75,0.8,127,-0.45,-5.0,26.93,-19.38,40.5,84.0,275.34,186.0,2026-09-29
GTLINFRA,1.09,-2.68,-13.82,-12.1,12.37,-32.3,3.9,127,4.94,-1.62,52.53,-27.95,46.4,84.0,1.67,0.96,2026-09-29
NEULANDLAB,21440.0,-2.06,18.01,16.54,78.6,-10.65,70.9,127,35.01,35.05,54.48,17.38,100.0,84.0,24225.0,11728.32,2026-09-29
WENDT,8459.0,-2.16,12.04,8.87,42.96,-4.01,90.5,126,15.65,16.16,39.18,0.72,100.0,84.0,9100.0,5833.99,2026-09-29
CONFIPET,85.65,-2.98,24.98,18.19,128.72,-6.74,89.8,127,50.57,36.16,168.66,6.18,100.0,84.0,93.09,35.46,2026-09-29
PCJEWELLER,13.52,-4.18,39.45,42.32,78.6,-6.57,92.1,127,17.31,11.54,66.28,-4.21,89.3,84.0,14.86,7.47,2026-09-29
KSCL,769.5,-4.36,-8.62,-10.53,11.45,-23.34,17.5,126,-7.02,-12.32,20.22,-24.82,29.8,84.0,1025.0,685.0,2026-09-29
DCMSIL,78.98,-5.95,12.87,13.15,34.02,-8.65,84.8,125,11.52,12.38,33.56,-36.64,83.1,83.0,88.0,57.67,2026-09-29
MMWL,14.56,-3.51,7.51,6.28,42.75,-9.9,79.5,112,11.53,7.49,41.84,-6.87,85.4,48.0,16.57,9.02,2026-09-29
SHREDIGCEM,66.61,-1.83,-6.65,-7.14,18.62,-14.27,3.9,127,5.21,1.88,35.54,-11.08,63.1,84.0,78.9,53.16,2026-09-29
SOLARA,736.3,-0.39,32.51,31.84,73.02,-2.25,94.5,127,17.22,18.13,40.3,-11.66,90.5,84.0,774.0,422.0,2026-09-29
PVP,58.85,-4.99,76.67,89.84,150.53,-14.23,84.3,127,41.06,21.31,149.41,-19.27,75.0,84.0,72.04,23.25,2026-09-29
IKS,1768.4,-2.61,4.48,2.29,33.12,-8.74,63.8,127,16.85,15.03,38.6,-0.7,98.8,84.0,1970.0,1302.5,2026-09-29
JSFB,499.2,-6.74,3.09,2.88,38.61,-14.64,61.9,126,21.22,20.56,38.67,4.59,100.0,83.0,606.95,354.85,2026-09-29
SAURASHCEM,53.35,-4.25,-8.7,-9.15,10.64,-22.6,5.5,127,-3.14,-4.47,18.44,-13.1,19.0,84.0,72.46,47.65,2026-09-29
ASIANTILES,50.16,-1.05,-9.79,-8.98,15.52,-35.29,25.2,127,-16.29,-14.88,1.64,-42.43,1.2,84.0,79.06,42.5,2026-09-29
SENORES,1351.8,-0.25,15.36,2.8,77.96,-12.84,58.3,127,47.18,45.72,82.23,2.44,100.0,84.0,1599.0,741.9,2026-09-29
MRPL,169.8,3.16,3.15,1.77,17.14,-9.3,58.3,127,-0.87,-0.49,21.89,-23.42,48.8,84.0,194.85,143.12,2026-09-29
RADHIKAJWE,69.38,-0.72,8.9,6.09,37.28,-26.41,77.0,126,11.65,6.11,68.27,-11.23,64.3,84.0,97.5,50.01,2026-09-29
TBOTEK,1654.8,-2.48,18.16,13.67,56.51,-5.17,77.8,126,27.17,28.29,50.31,-0.57,97.6,83.0,1750.0,1050.1,2026-09-29
GATEWAY,51.88,-1.18,-6.83,-6.64,4.89,-15.29,1.6,127,1.16,-0.12,29.1,-14.26,50.0,84.0,61.89,49.1,2026-09-29
TALBROAUTO,437.85,-4.26,21.28,11.29,89.14,-8.15,94.5,127,37.24,32.12,80.13,5.38,100.0,84.0,485.8,227.7,2026-09-29
MEDIASSIST,307.75,-3.78,-12.31,-13.36,4.35,-22.35,0.8,126,0.39,-2.71,23.51,-15.46,41.7,84.0,403.93,291.19,2026-09-29
EPACKPEB,241.74,-1.48,11.08,5.36,82.9,-13.14,66.1,127,31.58,26.34,88.78,-18.24,89.3,84.0,281.08,132.17,2026-09-29
VHLTD,128.28,2.33,-2.06,-3.08,11.31,-9.73,29.6,125,-8.02,-6.67,0.58,-17.87,1.2,83.0,146.0,112.98,2026-09-29
SEAMECLTD,1684.3,-1.63,9.25,9.36,27.58,-6.09,85.6,125,4.57,1.81,28.99,-12.75,62.7,83.0,1849.0,1284.59,2026-09-29
PNBGILTS,73.28,-1.94,-5.63,-5.44,27.08,-20.4,23.6,127,12.76,16.24,55.97,-16.8,69.0,84.0,97.28,57.12,2026-09-29
SGFIN,589.75,-3.27,-1.66,-2.71,42.21,-16.92,41.7,127,27.85,22.96,61.67,-2.09,98.8,84.0,727.45,411.75,2026-09-29
ZOTA,1322.2,-1.08,7.47,6.15,28.72,-8.41,77.2,127,2.69,-1.78,33.06,-12.79,47.6,84.0,1476.71,1021.11,2026-09-29
PPLPHARMA,206.59,-1.77,15.72,17.63,51.3,-8.84,73.2,127,20.72,21.29,35.42,5.57,100.0,84.0,231.93,136.05,2026-09-29
CCCL,13.38,0.45,-13.29,-13.57,4.12,-29.06,3.2,125,-1.03,-2.13,35.26,-29.69,33.7,83.0,20.55,12.76,2026-09-29
GANECOS,1019.2,-0.91,-0.49,-1.31,20.06,-17.39,40.5,126,10.43,10.91,31.59,-17.2,92.8,83.0,1263.65,797.26,2026-09-29
ACI,482.75,0.04,-9.73,-9.2,6.04,-22.42,9.4,127,-8.67,-8.4,1.16,-16.71,2.4,84.0,636.79,446.0,2026-09-29
MANINFRA,127.43,-1.94,16.2,14.43,63.44,-4.86,93.7,127,6.9,11.04,34.21,-19.67,66.7,84.0,137.85,76.65,2026-09-29
SPECTRUM,3578.7,1.7,104.61,92.72,216.17,1.7,100.0,126,58.61,56.3,120.29,5.95,100.0,84.0,3665.9,1120.6,2026-09-29
PRECOT,617.8,-3.57,-9.78,-12.21,18.55,-27.41,20.6,126,25.15,36.01,79.94,-17.27,69.0,84.0,899.0,502.47,2026-09-29
INDOTHAI,30.41,-4.55,-72.01,-86.47,-1.17,-90.16,0.0,126,-47.29,-29.64,-4.4,-86.68,0.0,84.0,319.26,30.11,2026-09-29
NAHARSPING,267.3,-0.98,0.29,-0.62,34.11,-18.46,48.8,125,16.91,14.95,46.55,3.19,100.0,83.0,347.81,194.75,2026-09-29
SANSTAR,106.9,-1.4,1.61,-3.28,41.07,-16.11,30.7,127,19.91,22.96,60.29,-13.29,66.7,84.0,137.49,74.3,2026-09-29
SOLARINDS,19150.0,-3.01,8.33,4.75,58.67,-14.72,77.2,127,21.99,20.86,54.82,2.85,100.0,84.0,22700.0,11992.91,2026-09-29
ACMESOLAR,437.9,-1.13,27.69,21.4,67.39,-4.52,96.1,127,31.3,30.89,60.51,15.46,100.0,84.0,476.9,258.01,2026-09-29
AEQUS,260.1,5.71,25.83,13.89,115.03,-0.9,99.2,127,40.66,30.05,106.49,-2.23,98.8,84.0,274.39,120.0,2026-09-29
IDEA,13.47,-5.54,5.69,-3.02,57.91,-13.65,37.0,127,28.02,26.38,70.34,-6.7,88.1,84.0,15.79,8.13,2026-09-29
MANORAMA,1865.1,-0.41,18.31,18.27,65.12,-12.52,78.0,127,22.4,22.95,46.49,0.32,100.0,84.0,2148.68,1119.87,2026-09-29
ABSLAMC,987.7,-2.64,-4.57,-3.79,15.27,-15.56,10.2,127,7.14,3.05,33.3,-13.52,71.4,84.0,1194.96,845.9,2026-09-29
3BBLACKBIO,1584.8,8.83,16.85,12.72,39.05,4.39,100.0,29,,,,,,,1599.0,1095.59,2026-09-29
YASHO,4117.9,-2.74,66.69,41.86,227.03,-16.23,78.6,126,99.55,103.01,192.05,37.97,100.0,84.0,4994.0,1249.8,2026-09-29
CHENNPETRO,1408.1,2.3,23.81,26.99,55.49,-13.42,87.4,127,24.98,23.26,49.15,3.92,100.0,84.0,1677.5,895.59,2026-09-29
TDPOWERSYS,722.0,-3.93,18.68,17.47,69.78,-10.3,74.8,127,23.77,22.48,61.83,-9.64,91.7,84.0,817.55,412.6,2026-09-29
SPAL,948.5,-1.77,5.02,0.01,36.54,-19.3,50.0,126,27.48,26.61,63.37,-11.97,92.9,84.0,1218.45,684.21,2026-09-29
DCAL,164.27,-2.33,-8.12,-8.12,26.39,-22.47,9.5,126,5.37,3.24,34.93,-18.63,59.5,84.0,224.4,128.5,2026-09-29
PINELABS,173.02,-2.01,6.51,10.03,25.43,-15.79,71.7,127,-2.12,-2.91,34.27,-28.26,45.2,84.0,214.17,134.73,2026-09-29
HARIOMPIPE,342.1,-0.71,-4.23,-5.26,26.9,-20.1,29.9,127,14.33,20.48,46.39,-17.67,69.0,84.0,447.97,267.49,2026-09-29
20MICRONS,212.94,-2.13,12.21,10.86,60.92,-5.28,87.3,126,17.67,16.02,51.28,3.75,100.0,84.0,233.53,128.82,2026-09-29
CRAMC,225.4,-2.19,-9.83,-10.14,4.74,-21.26,0.8,127,2.67,4.11,13.67,-9.75,66.7,84.0,294.0,212.96,2026-09-29
OLAELEC,37.86,-1.61,-1.25,-1.89,66.05,-20.03,40.2,127,23.1,5.45,98.27,-21.15,66.7,84.0,49.05,22.52,2026-09-29
UNITEDPOLY,45.28,-3.27,38.18,38.77,98.86,-3.27,96.0,125,16.93,17.68,46.14,-12.75,75.9,83.0,47.25,22.14,2026-09-29
AMRUTANJAN,506.55,0.04,-4.28,-4.95,4.36,-12.91,21.3,127,-3.88,-4.99,11.0,-16.53,33.3,84.0,594.48,476.5,2026-09-29
JINDRILL,624.15,5.4,6.47,4.93,35.39,-7.94,76.4,127,9.58,10.25,27.13,-9.57,88.1,84.0,704.4,456.26,2026-09-29
SESHAPAPER,242.23,-1.64,2.19,4.18,13.27,-11.23,65.6,125,-5.81,-9.16,15.94,-19.15,24.1,83.0,278.35,209.96,2026-09-29
SUNCLAY,1229.9,-0.55,-7.42,-6.99,3.54,-19.5,2.4,127,-2.92,-3.92,16.75,-18.09,32.1,84.0,1573.4,1178.51,2026-09-29
JSLL,501.9,-1.25,-13.23,-13.07,3.18,-34.55,9.4,127,-11.72,-14.49,13.57,-30.21,14.3,84.0,777.53,480.82,2026-09-29
RAMASTEEL,4.4,-1.79,-6.71,-5.48,21.21,-27.15,32.5,126,-13.84,-16.51,22.87,-28.81,10.7,84.0,6.2,3.43,2026-09-29
AEROENTER,121.66,-3.17,9.76,2.01,87.88,-21.37,55.9,127,42.22,38.03,122.0,-15.36,89.3,84.0,159.6,63.86,2026-09-29
POWERMECH,2364.3,-1.79,-4.7,-5.4,36.53,-18.29,12.6,127,12.07,3.31,59.45,-19.17,69.0,84.0,3005.64,1716.64,2026-09-29
SAKAR,1089.65,-4.07,38.78,31.66,118.61,-8.31,88.2,127,42.12,43.53,70.85,3.31,100.0,84.0,1229.85,486.85,2026-09-29
VERANDA,238.02,2.33,9.97,1.99,77.81,-8.29,65.4,127,31.04,24.15,85.1,-11.5,85.7,84.0,267.45,132.0,2026-09-29
SANDHAR,576.55,0.44,-2.98,-7.01,32.78,-21.02,29.1,127,20.3,23.12,64.05,-16.46,69.0,84.0,758.33,421.3,2026-09-29
AGIIL,271.6,2.66,-17.5,-21.35,3.58,-35.15,7.9,127,-7.56,-17.93,30.52,-29.07,29.8,84.0,434.08,255.61,2026-09-29
PRABHA,223.39,-3.24,32.97,39.65,59.72,-11.9,88.2,127,12.64,3.12,60.88,-13.35,59.5,84.0,262.8,137.91,2026-09-29
UNIECOM,82.18,-1.91,-6.71,-5.74,3.92,-24.25,2.4,127,-5.03,-5.42,10.8,-20.98,25.0,84.0,109.24,78.51,2026-09-29
BLSE,320.65,-1.2,34.92,37.1,104.41,-2.27,92.1,127,52.77,52.38,76.96,33.74,100.0,84.0,339.8,151.01,2026-09-29
QPOWER,1592.7,4.93,32.6,31.07,97.9,2.38,100.0,127,21.34,21.69,64.41,-21.78,79.8,84.0,1593.6,791.41,2026-09-29
JINDALPOLY,679.65,-2.08,-0.26,-0.61,10.99,-20.18,48.0,127,-9.72,-9.3,12.93,-31.84,19.0,84.0,894.0,606.0,2026-09-29
SAMBHV,154.0,-3.22,30.88,29.86,70.26,-3.22,97.6,127,13.85,15.29,43.75,-9.79,82.1,84.0,162.15,90.0,2026-09-29
JPPOWER,15.52,-2.21,-11.98,-12.51,10.54,-32.14,6.3,127,0.43,-7.56,38.57,-26.02,34.5,84.0,24.5,13.95,2026-09-29
HYUNDAI,2050.7,-3.04,4.5,5.15,22.4,-9.54,67.7,127,10.81,10.3,24.08,-10.2,89.3,84.0,2281.0,1642.32,2026-09-29
INDOCO,249.06,-2.12,10.48,10.62,52.0,-8.95,84.3,127,14.34,13.1,45.87,-11.5,91.7,84.0,287.55,162.05,2026-09-29
MODISONLTD,429.7,-3.23,75.73,46.58,274.73,-17.47,84.9,126,100.5,101.58,195.18,30.89,100.0,83.0,546.0,113.9,2026-09-29
BANSALWIRE,317.6,-1.18,2.38,0.83,41.19,-13.18,62.2,127,11.94,4.91,51.3,-4.85,89.3,84.0,370.0,222.5,2026-09-29
SVLL,821.35,-1.6,21.5,15.53,71.15,-5.34,96.8,125,27.75,30.17,53.68,-5.79,98.8,83.0,897.45,445.15,2026-09-29
SCHNEIDER,1188.2,-1.76,-3.46,-4.54,40.48,-20.84,26.0,127,18.21,11.36,71.86,-18.26,76.2,84.0,1548.0,832.95,2026-09-29
ATHERENERG,1454.9,-2.81,30.72,29.28,92.96,-15.69,74.0,127,49.57,50.03,83.24,24.48,100.0,84.0,1744.0,740.35,2026-09-29
WESTLIFE,579.85,0.3,16.38,19.32,38.2,-3.15,90.6,127,12.48,12.49,33.15,-10.02,82.1,84.0,612.0,410.42,2026-09-29
PFOCUS,315.2,-0.08,13.79,9.54,50.14,-11.82,78.7,127,2.5,-5.45,67.67,-36.09,39.3,84.0,367.0,202.54,2026-09-29
UEL,190.14,3.49,21.28,28.08,59.23,-30.38,75.4,126,15.48,-0.34,89.57,-27.37,48.8,84.0,284.2,117.51,2026-09-29
KRN,1387.4,0.41,11.62,12.61,62.87,-16.43,75.6,127,23.6,27.09,47.72,-10.71,83.3,84.0,1687.0,844.05,2026-09-29
RELTD,148.07,-0.47,-0.43,-1.66,23.65,-19.12,45.2,126,17.83,21.87,38.02,-13.56,83.1,83.0,196.45,114.59,2026-09-29
HINDALCO,955.9,-2.16,-5.38,-5.73,8.64,-16.42,16.5,127,0.33,-1.35,23.55,-12.38,41.7,84.0,1169.9,871.45,2026-09-29
VMM,100.81,-2.6,-11.28,-13.03,0.71,-20.09,0.8,127,-4.04,-9.51,19.28,-16.81,33.3,84.0,129.4,98.9,2026-09-29
ASIANENE,474.15,-2.79,30.16,31.31,99.02,-14.13,81.1,127,31.29,33.07,53.09,10.7,100.0,84.0,564.27,232.66,2026-09-29
SEPC,4.96,-3.12,-22.68,-23.46,2.06,-40.81,0.8,127,-8.69,-19.81,56.77,-30.18,26.2,84.0,9.2,4.82,2026-09-29
ZEEMEDIA,7.29,-3.06,-9.62,-10.83,9.62,-24.85,11.1,126,2.38,2.28,28.12,-17.16,57.1,84.0,10.09,6.65,2026-09-29
RAMCOCEM,848.65,-2.18,-6.96,-7.0,-0.0,-15.83,0.0,126,-3.31,-1.8,6.36,-20.77,34.9,83.0,1021.66,836.02,2026-09-29
UNOMINDA,1173.0,-3.69,2.08,3.63,15.02,-8.93,67.7,127,8.27,8.68,21.21,-3.57,91.7,84.0,1307.5,1001.75,2026-09-29
ACUTAAS,3214.4,-1.78,6.58,1.09,52.44,-12.94,55.1,127,26.51,23.44,75.09,-9.85,89.3,84.0,3737.2,2071.45,2026-09-29
IRMENERGY,265.4,-1.06,0.38,-1.78,47.91,-25.28,40.2,127,13.2,8.26,52.91,-28.18,78.6,84.0,364.93,164.52,2026-09-29
ARIS,132.61,-5.47,7.02,6.04,37.36,-14.0,72.4,127,6.43,7.12,26.34,-14.12,66.7,84.0,159.0,94.35,2026-09-29
SANSERA,4457.2,-4.4,46.57,41.81,115.07,-4.4,96.9,127,41.02,39.18,67.27,23.31,100.0,84.0,4743.5,2050.13,2026-09-29
UFBL,677.85,-2.92,35.2,1.65,247.08,-19.11,53.6,125,111.32,110.2,236.07,-0.7,98.8,83.0,850.0,191.0,2026-09-29
FISCHER,34.08,-0.61,-7.75,-8.88,9.36,-18.19,9.4,127,-0.51,-1.4,14.93,-13.21,39.3,84.0,42.71,31.0,2026-09-29
RUBYMILLS,510.6,3.81,64.47,50.41,153.83,3.23,100.0,126,57.41,59.78,79.87,21.67,100.0,84.0,522.0,198.17,2026-09-29
MAHASTEEL,1224.6,-0.61,30.97,35.22,61.7,-12.16,87.2,125,14.57,17.97,60.57,-20.16,56.6,83.0,1421.0,718.25,2026-09-29
GROWW,183.39,-1.96,-6.18,-6.07,22.16,-17.23,5.5,127,6.68,3.86,35.17,-13.64,65.5,84.0,227.2,149.05,2026-09-29
SHADOWFAX,274.05,-2.97,36.68,25.22,138.57,-4.11,96.9,127,51.95,42.4,105.75,11.91,100.0,84.0,292.2,111.11,2026-09-29
AKUMS,799.95,-2.39,29.23,28.38,72.44,-2.84,96.0,126,31.1,29.91,48.74,9.52,100.0,84.0,838.8,456.24,2026-09-29
AVANTIFEED,741.5,-1.55,-26.38,-23.44,-1.1,-50.12,0.0,127,-25.58,-26.41,-2.75,-38.5,0.0,84.0,1575.93,739.0,2026-09-29
AHLWEST,520.05,-0.05,21.74,-4.58,261.52,-27.33,28.6,126,120.65,51.45,358.58,-23.29,61.4,83.0,751.4,137.0,2026-09-29
LUMAXTECH,2032.0,0.26,19.58,22.48,43.6,-3.99,91.3,127,7.56,9.48,36.35,-20.91,65.5,84.0,2190.0,1379.92,2026-09-29
DIACABS,339.25,-4.3,53.7,62.13,185.52,-14.06,77.2,127,74.6,72.44,113.23,40.26,100.0,84.0,404.0,118.41,2026-09-29
URJA,8.75,-2.23,-11.18,-10.53,9.24,-30.78,0.8,127,-4.77,-10.54,24.4,-28.72,29.8,84.0,13.19,8.0,2026-09-29
NATIONALUM,349.0,-2.7,-8.22,-8.49,5.34,-20.36,16.5,127,-7.06,-5.58,17.56,-23.85,17.9,84.0,443.37,330.56,2026-09-29
JAYNECOIND,87.98,-0.64,-5.36,-3.63,22.96,-23.65,22.0,127,2.17,0.12,32.83,-23.48,51.2,84.0,117.0,71.1,2026-09-29
AXISCADES,1879.5,-0.67,7.45,9.73,26.58,-13.53,68.5,127,-1.92,-4.83,47.99,-27.86,34.5,84.0,2211.0,1386.8,2026-09-29
BCG,9.37,-1.88,-3.37,-2.6,14.69,-22.5,25.2,127,1.36,-1.29,24.36,-25.72,40.5,84.0,13.1,7.7,2026-09-29
NGLFINE,2730.0,-6.06,-0.25,-3.14,32.79,-21.0,40.5,126,25.27,33.53,57.53,-13.21,81.9,83.0,3599.83,1996.9,2026-09-29
SAYAJIHOTL,325.95,-0.32,15.12,8.65,135.0,-3.95,92.3,117,24.23,11.66,123.5,0.83,100.0,55.0,365.2,138.7,2026-09-29
AMANTA,183.0,-1.61,21.41,14.5,83.35,-11.12,78.6,126,39.57,39.81,72.42,13.8,100.0,83.0,209.95,96.12,2026-09-29
PTCIL,21685.0,-0.57,19.99,21.98,47.26,-9.0,83.5,127,15.92,13.94,36.56,-0.21,98.8,84.0,24125.0,14499.0,2026-09-29
NAVNETEDUL,121.73,-0.84,-11.8,-13.12,0.66,-22.5,0.8,126,-0.0,-3.51,18.14,-14.48,41.0,83.0,160.87,120.21,2026-09-29
AQYLON,18.0,-3.02,-46.76,-56.6,0.11,-72.06,0.8,126,-43.36,-47.77,1.38,-65.85,1.2,84.0,66.98,17.72,2026-09-29
SILVERTUC,145.8,-1.35,-11.87,-16.56,40.53,-30.53,15.7,127,29.85,35.52,97.31,-26.78,75.0,84.0,216.7,103.05,2026-09-29
ANTELOPUS,1159.45,-8.1,46.69,45.18,103.52,-8.1,96.9,127,31.29,35.98,69.7,-7.21,97.6,84.0,1290.9,527.0,2026-09-29
ABCOTS,200.15,-1.44,-11.6,-6.16,0.89,-51.51,8.7,126,-24.97,-15.03,3.64,-51.04,8.4,83.0,443.95,196.81,2026-09-29
IOLCP,196.29,-3.87,50.51,37.3,169.74,-7.86,89.8,127,66.58,62.62,109.97,26.69,100.0,84.0,219.04,72.2,2026-09-29
NPST,1635.0,-8.98,15.23,5.75,70.62,-13.44,75.4,126,35.21,30.07,88.19,1.81,100.0,84.0,1931.91,931.79,2026-09-29
RAIN,215.45,-1.78,22.67,9.94,103.27,-10.92,81.1,127,46.99,59.19,88.94,1.5,100.0,84.0,250.82,105.5,2026-09-29
COMSYN,280.85,-0.71,48.88,65.12,83.94,-8.23,76.2,126,46.05,36.47,98.91,-0.49,96.4,84.0,314.88,151.25,2026-09-29
GICRE,329.3,-2.43,-7.81,-5.96,-1.77,-16.45,0.0,127,-4.91,-6.26,8.09,-12.53,15.5,84.0,402.4,328.2,2026-09-29
SCPL,628.5,-0.57,31.47,30.04,106.0,-7.95,72.0,125,50.5,50.15,90.95,27.78,100.0,83.0,690.0,300.0,2026-09-29
MOTISONS,18.04,1.06,28.84,28.22,66.57,-4.5,96.9,127,16.36,14.43,46.85,-19.47,84.5,84.0,19.78,10.69,2026-09-29
